group,metric,higher_is_better,n,scot,mgcot,delta,ci_low,ci_high,rel_change_pct,p,effect_rb,discordant_scot_only,discordant_mgcot_only,favours,p_fdr,significant
gemma2_2b,accuracy,True,400,0.5,0.435,-0.065,-0.1125,-0.0175,-13.0,0.010345913082728777,-0.2708333333333333,61.0,35.0,SCoT,0.015518869624093165,True
llama3.2_1b,accuracy,True,400,0.4175,0.0375,-0.38,-0.4325,-0.3275,-91.0179640718563,2.8287639054872155e-35,-0.8636363636363636,164.0,12.0,SCoT,1.6972583432923293e-34,True
mistral_7b,accuracy,True,400,0.455,0.2375,-0.2175,-0.275,-0.16,-47.8021978021978,5.591514238827385e-13,-0.5761589403973509,119.0,32.0,SCoT,1.6774542716482156e-12,True
openchat_7b,accuracy,True,400,0.5375,0.5625,0.025,-0.0275,0.075,4.651162790697675,0.4074855344889006,0.0847457627118644,54.0,64.0,MGCoT,0.4889826413866808,False
phi3_mini,accuracy,True,400,0.5725,0.465,-0.1075,-0.1625,-0.05,-18.777292576419214,0.0003001818565863546,-0.31386861313868614,90.0,47.0,SCoT,0.0006003637131727092,True
qwen2_1.5b,accuracy,True,400,0.45,0.4525,0.0025,-0.04,0.0475,0.5555555555555556,1.0,0.012048192771084338,41.0,42.0,MGCoT,1.0,False
gemma2_2b,answered,True,400,0.8275,0.8225,-0.005,-0.04,0.03,-0.6042296072507553,0.887724827340783,-0.04,26.0,24.0,SCoT,0.887724827340783,False
llama3.2_1b,answered,True,400,0.785,0.5725,-0.2125,-0.2575,-0.17,-27.070063694267514,1.7405890207623034e-19,-0.8415841584158416,93.0,8.0,SCoT,1.044353412457382e-18,True
mistral_7b,answered,True,400,0.8,0.825,0.025,-0.015,0.0625,3.125,0.26043547657665356,0.15625,27.0,37.0,MGCoT,0.49762464505423587,False
openchat_7b,answered,True,400,0.8225,0.83,0.0075,-0.0275,0.0425,0.9118541033434651,0.7797679305530743,0.058823529411764705,24.0,27.0,MGCoT,0.887724827340783,False
phi3_mini,answered,True,400,0.815,0.85,0.035,0.0025,0.0675,4.294478527607363,0.054076031858869555,0.30434782608695654,16.0,30.0,MGCoT,0.16222809557660867,False
qwen2_1.5b,answered,True,400,0.8075,0.7875,-0.02,-0.055,0.015,-2.476780185758514,0.3317497633694906,-0.15384615384615385,30.0,22.0,SCoT,0.49762464505423587,False
gemma2_2b,bert_score_f1,True,400,0.7732636070251465,0.8032177080214024,0.029954100996255874,0.02716503482311964,0.032892439424991614,3.873724396715565,5.902184420868301e-62,0.9583790523690773,,,MGCoT,3.541310652520981e-61,True
llama3.2_1b,bert_score_f1,True,400,0.777355324178934,0.7577670493721962,-0.0195882748067379,-0.02231100957095623,-0.016995701886713507,-2.519861149394921,6.912231528926516e-41,-0.7725935162094764,,,SCoT,1.3824463057853034e-40,True
mistral_7b,bert_score_f1,True,400,0.7833952005207538,0.7796803677082061,-0.003714832812547683,-0.006259707413613796,-0.0010663516223430617,-0.4741965243185415,7.691262209802946e-09,-0.333216957605985,,,SCoT,9.229514651763535e-09,True
openchat_7b,bert_score_f1,True,400,0.7785373769700528,0.8032319471240044,0.024694570153951646,0.022372369360178706,0.027015650443732737,3.171918379828994,2.100404324632027e-60,0.9459351620947631,,,MGCoT,6.30121297389608e-60,True
phi3_mini,bert_score_f1,True,400,0.7834186120331288,0.7959262393414974,0.012507627308368683,0.00680960014089942,0.017448207229375835,1.596544569691659,2.811252710066485e-11,0.3840523690773067,,,MGCoT,4.2168790650997276e-11,True
qwen2_1.5b,bert_score_f1,True,400,0.7947354245185853,0.7989439252018928,0.004208500683307648,0.0021022239364683628,0.006358468931168317,0.5295473881583883,0.005648080078707215,0.16318537859007834,,,MGCoT,0.005648080078707215,True
gemma2_2b,char_f1,True,400,0.26886076525749497,0.314581329922145,0.04572056466465003,0.037633917169215186,0.05403038178982621,17.00529440242508,8.254855148836565e-36,0.7365780026109661,,,MGCoT,2.476456544650969e-35,True
llama3.2_1b,char_f1,True,400,0.2663443703814076,0.2464204274839002,-0.019923942897507405,-0.023891823952995498,-0.01571170330041788,-7.480519625391794,9.837422520971933e-30,-0.6677817667536988,,,SCoT,1.9674845041943865e-29,True
mistral_7b,char_f1,True,400,0.2674748600382606,0.26237261629099995,-0.005102243747260626,-0.011725785076877457,0.002817137926116208,-1.9075601148200554,3.980121258296969e-08,-0.3238141862489121,,,SCoT,5.970181887445454e-08,True
openchat_7b,char_f1,True,400,0.26963657397386376,0.32266300871516634,0.05302643474130253,0.04633415206849051,0.05999118067556809,19.665891002769698,5.60815206121743e-50,0.8674643770551699,,,MGCoT,3.364891236730458e-49,True
phi3_mini,char_f1,True,400,0.27099072502411775,0.29957442098946,0.028583695965342267,0.018406458640059523,0.03937708783392078,10.547850286314546,0.0005960249984461625,0.20378048610238583,,,MGCoT,0.0007152299981353949,True
qwen2_1.5b,char_f1,True,400,0.2996135087679002,0.3084987436417999,0.00888523487389966,0.003617517112471104,0.014293338148946216,2.9655655081903305,0.0027735303164325375,0.18426249676249676,,,MGCoT,0.0027735303164325375,True
gemma2_2b,cpu_usage_avg_percent,False,400,5.379391263152518,5.621941012579384,0.24254974942686708,0.10768454810611804,0.3841623264242265,4.508869824886546,0.00011684527721871915,0.22229426433915211,,,SCoT,0.00017526791582807874,True
llama3.2_1b,cpu_usage_avg_percent,False,400,5.322921348377195,5.286225329881251,-0.0366960184959431,-0.14897320052936416,0.07818117691727836,-0.6893962186221417,0.49700728914712666,-0.03918952618453865,,,MGCoT,0.49700728914712666,False
mistral_7b,cpu_usage_avg_percent,False,400,24.786233725933453,25.69853649330556,0.9123027673721051,0.5395119660221025,1.2539705904153495,3.680683307757148,1.2926339697383868e-23,0.577930174563591,,,SCoT,3.8779019092151604e-23,True
openchat_7b,cpu_usage_avg_percent,False,400,22.19170017480212,23.13003470829051,0.9383345334883926,0.6749947663404131,1.2186401164872722,4.228312955281533,1.0365188949874129e-14,0.44628428927680797,,,SCoT,2.0730377899748257e-14,True
phi3_mini,cpu_usage_avg_percent,False,400,11.827470551954578,13.447866198002895,1.6203956460483206,1.4150115411147755,1.8733459665831331,13.700272082102442,2.463090484758501e-56,0.9124937655860349,,,SCoT,1.4778542908551006e-55,True
qwen2_1.5b,cpu_usage_avg_percent,False,400,5.258980991769234,5.158637545792549,-0.10034344597668646,-0.2547138533061668,0.04168359118763358,-1.9080397159398892,0.3316844394935533,-0.05600997506234414,,,MGCoT,0.398021327392264,False
gemma2_2b,delta_time_seconds,False,400,114.64812775000001,66.964204,-47.683923750000005,-51.45373933125,-43.81144651875,-41.591541602823945,2.5834156235011004e-51,-0.8694763092269326,,,MGCoT,7.750246870503302e-51,True
llama3.2_1b,delta_time_seconds,False,400,112.0665985,145.604837,33.5382385,28.799115974999996,38.00041448125,29.927060291742503,8.665274915402394e-46,0.8195511221945138,,,SCoT,1.7330549830804787e-45,True
mistral_7b,delta_time_seconds,False,400,106.19724824999999,133.78402825,27.586779999999997,22.956969024999996,32.16785384375,25.976925442604397,1.2876949986617485e-28,0.6403241895261845,,,SCoT,1.9315424979926229e-28,True
openchat_7b,delta_time_seconds,False,400,109.21861675,66.18845149999999,-43.03016525000001,-46.51862929375,-39.44984275,-39.39819650755649,2.008111340047389e-54,-0.896359102244389,,,MGCoT,1.2048668040284334e-53,True
phi3_mini,delta_time_seconds,False,400,111.40521700000001,106.6335335,-4.7716835,-10.146563381250001,0.4320470062499991,-4.28317777972642,0.34941829208981956,-0.05399002493765586,,,MGCoT,0.3494182920898196,False
qwen2_1.5b,delta_time_seconds,False,400,73.20755100000001,63.021340249999994,-10.18621075,-13.776070800000001,-6.671183931250004,-13.914153131553327,1.70147164496396e-05,-0.24815461346633416,,,MGCoT,2.0417659739567516e-05,True
gemma2_2b,gpu_memory_avg_mb,False,400,3697.45080871963,3700.665625,3.2148162803699813,-0.00019959246052533776,9.13468000288517,0.08694683030774986,0.4375,0.42857142857142855,,,SCoT,0.6183334350585937,False
llama3.2_1b,gpu_memory_avg_mb,False,400,3120.760697625755,3120.7669203890673,0.006222763312842971,-2.7119334951066777e-05,0.01869820868870306,0.00019939892595985303,0.625,0.4,,,SCoT,0.625,False
mistral_7b,gpu_memory_avg_mb,False,400,3871.1689301881247,3875.3290421960432,4.160112007919031,-4.015913500679158,14.026949062665475,0.10746397491149692,0.1953125,0.5555555555555556,,,SCoT,0.5,False
openchat_7b,gpu_memory_avg_mb,False,400,3874.5321474588145,3877.7522286055832,3.220081146768779,-0.0006359234669350827,9.150794469133162,0.08310890255177597,0.5152778625488281,0.17894736842105263,,,SCoT,0.6183334350585937,False
phi3_mini,gpu_memory_avg_mb,False,400,3885.0306425240856,3888.23697867032,3.2063361462334443,0.0012053710937505002,9.112523993241226,0.08253052398449819,0.0625,0.9047619047619048,,,SCoT,0.375,False
qwen2_1.5b,gpu_memory_avg_mb,False,400,2717.675703218483,2720.885674328926,3.209971110443752,-9.533473897249678e-05,9.120106384177674,0.11811457513647616,0.25,0.8,,,SCoT,0.5,False
gemma2_2b,gpu_usage_avg_percent,False,400,3.9165771689142037,8.354066251527588,4.437489082613385,3.8657662452895365,5.017810140878666,113.30018256332721,1.430600066666478e-66,0.9944887780548628,,,SCoT,4.2918001999994337e-66,True
llama3.2_1b,gpu_usage_avg_percent,False,400,2.509713393291947,2.7545963463549743,0.2448829530630276,0.08887507602586378,0.4331670497574596,9.757407109415746,0.006044636826812105,-0.15840399002493766,,,SCoT,0.006044636826812105,True
mistral_7b,gpu_usage_avg_percent,False,400,11.041135844471837,12.037026063583172,0.9958902191113319,0.8258075282467187,1.185710235528815,9.019816739325439,5.698035073373987e-61,0.950498753117207,,,SCoT,8.54705261006098e-61,True
openchat_7b,gpu_usage_avg_percent,False,400,10.184377788171126,13.585991769321708,3.401613981150582,3.0753013058810574,3.7367379161368866,33.400312241965956,7.594111803127883e-62,0.9575062344139651,,,SCoT,1.5188223606255766e-61,True
phi3_mini,gpu_usage_avg_percent,False,400,5.556088220206146,8.24079423075598,2.684706010549837,2.290261243634421,3.1215883962025814,48.3200752786144,2.73006926195335e-67,1.0,,,SCoT,1.63804155717201e-66,True
qwen2_1.5b,gpu_usage_avg_percent,False,400,3.974959976641658,6.556770802606118,2.5818108259644617,2.151445245901217,3.0389666231188284,64.9518697329317,4.1042011199397704e-49,0.8499376558603491,,,SCoT,4.925041343927724e-49,True
gemma2_2b,metric_leak,False,400,0.0,0.1075,0.1075,0.0775,0.1375,,2.2737367544323206e-13,1.0,0.0,43.0,SCoT,3.410605131648481e-13,True
llama3.2_1b,metric_leak,False,400,0.0,0.955,0.955,0.9325,0.975,,2.0303534698525194e-115,1.0,0.0,382.0,SCoT,1.2182120819115116e-114,True
mistral_7b,metric_leak,False,400,0.0,0.76,0.76,0.7175,0.8025,,6.136366831622158e-92,1.0,0.0,304.0,SCoT,1.8409100494866475e-91,True
openchat_7b,metric_leak,False,400,0.0,0.0325,0.0325,0.0175,0.05,,0.000244140625,1.0,0.0,13.0,SCoT,0.000244140625,True
phi3_mini,metric_leak,False,400,0.0,0.4925,0.4925,0.445,0.5425,,9.956824444577827e-60,1.0,0.0,197.0,SCoT,1.9913648889155653e-59,True
qwen2_1.5b,metric_leak,False,400,0.0,0.06,0.06,0.0375,0.085,,1.1920928955078125e-07,1.0,0.0,24.0,SCoT,1.430511474609375e-07,True
gemma2_2b,output_words,False,400,135.475,75.045,-60.43,-64.7225625,-56.087187500000006,-44.606015870086736,3.276550316813184e-57,-0.9232434211359062,,,MGCoT,1.9659301900879101e-56,True
llama3.2_1b,output_words,False,400,154.2175,154.21,-0.0075,-6.805499999999999,6.885312499999995,-0.004863261303029812,0.28974289279903676,0.06131412731162108,,,MGCoT,0.28974289279903676,False
mistral_7b,output_words,False,400,124.735,132.5575,7.8225,2.6548749999999997,13.135312499999996,6.271295145708903,0.00015263233760418385,0.2187593984962406,,,SCoT,0.00018315880512502063,True
openchat_7b,output_words,False,400,124.9275,75.6975,-49.23,-53.0725,-45.28712500000001,-39.40685597646635,2.328343934612544e-55,-0.9042768079800498,,,MGCoT,6.985031803837632e-55,True
phi3_mini,output_words,False,400,124.23,104.09,-20.14,-25.4525,-14.922312500000002,-16.211865088947917,2.4661583465260174e-12,-0.40519640810569135,,,MGCoT,4.932316693052035e-12,True
qwen2_1.5b,output_words,False,400,97.6325,80.785,-16.8475,-21.602625,-12.012375,-17.256036668117687,7.501462423060702e-10,-0.3737928712447009,,,MGCoT,1.1252193634591053e-09,True
gemma2_2b,ram_usage_avg_mb,False,400,11596.462323788872,11541.00094624804,-55.461377540832416,-73.1304371084842,-38.27193047209235,-0.478261179938122,1.4112679620332688e-27,-0.62785536159601,,,MGCoT,2.8225359240665375e-27,True
llama3.2_1b,ram_usage_avg_mb,False,400,10185.212859250048,10150.237873087031,-34.97498616302035,-67.12345434411804,-13.230972938348946,-0.34338984021582447,2.061386234241153e-06,-0.2739152119700748,,,MGCoT,2.061386234241153e-06,True
mistral_7b,ram_usage_avg_mb,False,400,13002.939613110737,12926.13491225765,-76.80470085308565,-99.98287528645605,-55.725985591809845,-0.5906718260511202,1.2087834886376409e-21,-0.5514463840399002,,,MGCoT,1.8131752329564613e-21,True
openchat_7b,ram_usage_avg_mb,False,400,12568.33012904651,12486.681754296851,-81.64837474966069,-106.94505059376382,-60.05144272667915,-0.6496358220330651,7.818354039367357e-29,-0.6428927680798004,,,MGCoT,2.3455062118102072e-28,True
phi3_mini,ram_usage_avg_mb,False,400,13633.31315286628,13363.542982365181,-269.77017050109515,-289.50742258434013,-250.76037145342588,-1.9787572358695396,5.769197719540348e-66,-0.9898254364089776,,,MGCoT,3.4615186317242088e-65,True
qwen2_1.5b,ram_usage_avg_mb,False,400,9574.326706441205,9553.963110451768,-20.36359598943599,-33.503781266549645,-7.750144700304961,-0.2126895876211976,3.427905271564679e-07,-0.29416458852867833,,,MGCoT,4.113486325877615e-07,True
gemma2_2b,rougeL_f1,True,400,0.04610539327792552,0.12067647204488596,0.07457107876696044,0.06243474867056391,0.0868173794748884,161.74046779612615,1.164204691756682e-37,0.836490913900816,,,MGCoT,3.492614075270046e-37,True
llama3.2_1b,rougeL_f1,True,400,0.04409716452038601,0.012130048052700881,-0.03196711646768514,-0.03822289446639499,-0.02629587533843877,-72.49245346128053,3.9096530419385804e-47,-0.9604872646733111,,,SCoT,2.3457918251631484e-46,True
mistral_7b,rougeL_f1,True,400,0.04819011134176081,0.050070520102227664,0.001880408760466862,-0.005209465985089011,0.010231069685452185,3.9020635315223453,7.23504281232393e-05,-0.25716723210919984,,,MGCoT,8.682051374788717e-05,True
openchat_7b,rougeL_f1,True,400,0.05020570256852151,0.10544882070814358,0.05524311813962207,0.04585567779891425,0.06520746121689908,110.03355259141213,4.885979633320971e-36,0.7831626965752603,,,MGCoT,9.771959266641942e-36,True
phi3_mini,rougeL_f1,True,400,0.054824082481944016,0.10007317911072804,0.04524909662878403,0.030524513169056383,0.06270569632824038,82.53507323845602,1.938549703543083e-05,0.2701084317850785,,,MGCoT,2.9078245553146245e-05,True
qwen2_1.5b,rougeL_f1,True,400,0.07283938353570454,0.08970385601351728,0.016864472477812736,0.00947664413756476,0.024553229725435905,23.1529588241862,0.006478399117469434,0.18135105204872648,,,MGCoT,0.006478399117469434,True
gemma2_2b,semantic_similarity,True,400,0.2609072999644741,0.3050031903304625,0.044095890365988454,0.032836135820857176,0.055721595781251826,16.900979915852364,1.6343704133157845e-10,0.3688279301745636,,,MGCoT,3.268740826631569e-10,True
llama3.2_1b,semantic_similarity,True,400,0.267232359352638,0.09678267755429257,-0.1704496817983454,-0.19118055986140825,-0.14954612054994504,-63.78332407469455,6.332945251528355e-45,-0.8114713216957606,,,SCoT,3.799767150917013e-44,True
mistral_7b,semantic_similarity,True,400,0.2876630227896385,0.2383561588928569,-0.04930686389678158,-0.06191031091903278,-0.037136800570646306,-17.140494255613305,1.3938503587042492e-18,-0.5076309226932668,,,SCoT,4.181551076112748e-18,True
openchat_7b,semantic_similarity,True,400,0.2816225610626861,0.2988737377608777,0.017251176698191553,0.008160687159121152,0.02655492513292846,6.125637318649207,0.4202097021648151,0.04650872817955112,,,MGCoT,0.4202097021648152,False
phi3_mini,semantic_similarity,True,400,0.26898979292134756,0.29790297890052897,0.028913185979181435,0.015098881760306538,0.043476037463915415,10.748804133112825,0.009460653016002511,0.14972568578553616,,,MGCoT,0.014190979524003767,True
qwen2_1.5b,semantic_similarity,True,400,0.2689708937803516,0.2778885601559887,0.008917666375637052,0.0029697212775718056,0.015104563173845238,3.315476351474462,0.07629326611743475,0.10452023498694517,,,MGCoT,0.0915519193409217,False
gemma2_2b,target_error,False,400,0.4573175760835186,0.39977230963769,-0.05754526644582859,-0.06962638158431253,-0.04621897182507328,-12.583217758356888,1.0975213598487788e-17,-0.49408977556109723,,,MGCoT,3.2925640795463365e-17,True
llama3.2_1b,target_error,False,400,0.4549327277856554,0.4971631089465323,0.04223038116087691,0.032469166059948575,0.05122615902879053,9.282774920685425,5.010836122140219e-18,0.49927680798004986,,,SCoT,3.006501673284131e-17,True
mistral_7b,target_error,False,400,0.43984251592424073,0.4652730801631214,0.02543056423888064,0.01765746336866828,0.03260028711599226,5.781743082622064,1.2348441607434982e-16,0.4777306733167082,,,SCoT,2.4696883214869964e-16,True
openchat_7b,target_error,False,400,0.4308323198291275,0.40307544971199255,-0.027756870117134902,-0.035486999139383864,-0.02055996676476888,-6.442615569821586,2.6025504279158973e-09,-0.3435910224438903,,,MGCoT,3.903825641873846e-09,True
phi3_mini,target_error,False,399,0.4333175322498138,0.431068707800931,-0.0022488244488827725,-0.014668094593670826,0.009274245605599259,-0.5189784122527248,0.00016905060044689426,0.21729323308270676,,,MGCoT,0.0002028607205362731,True
qwen2_1.5b,target_error,False,400,0.4081464009182049,0.3965860736867184,-0.011560327231486638,-0.017988870670777694,-0.005221276443127784,-2.8323971999947637,0.015128919247122988,-0.1451448724749466,,,MGCoT,0.015128919247122988,True
gemma2_2b,token_f1,True,400,0.06716335661712457,0.08997626150775574,0.02281290489063119,0.01668869718733198,0.02891160048971698,33.96629656358569,1.0752717461684057e-08,0.39854014598540144,,,MGCoT,2.1505434923368115e-08,True
llama3.2_1b,token_f1,True,400,0.06632114284051942,0.01974129816970569,-0.04657984467081372,-0.0557365005964211,-0.03831109491086405,-70.23377866515804,7.561535023845545e-40,-0.9715940884105198,,,SCoT,4.536921014307327e-39,True
mistral_7b,token_f1,True,400,0.06857349164596523,0.058993033943954776,-0.009580457702010447,-0.015376483918051251,-0.00361354956091673,-13.971080474468078,2.8344714654097382e-08,-0.3854967822947732,,,SCoT,4.251707198114607e-08,True
openchat_7b,token_f1,True,400,0.069065622975384,0.09859974752175166,0.029534124546367675,0.024181492001912934,0.035042017449585204,42.76240953751198,1.129065625516477e-23,0.6830236159504453,,,MGCoT,3.387196876549431e-23,True
phi3_mini,token_f1,True,400,0.07501188761718894,0.08580876605489336,0.01079687843770443,0.00162239455754896,0.021220638181445775,14.393556515741286,0.8816463432501487,-0.009900772260236298,,,MGCoT,0.8816463432501487,False
qwen2_1.5b,token_f1,True,400,0.07919757416880141,0.08836983115792366,0.009172256989122246,0.004311482542749918,0.014427374790777008,11.58148729350287,0.004207961803435241,0.21627966692344375,,,MGCoT,0.005049554164122288,True
gemma2_2b,truncated,False,400,0.2625,0.1575,-0.105,-0.1475,-0.0625,-40.0,2.7318699228822653e-06,-0.525,61.0,19.0,MGCoT,4.0978048843233975e-06,True
llama3.2_1b,truncated,False,400,0.26,0.95,0.69,0.635,0.74,265.38461538461536,1.6848225894735075e-67,0.9019607843137255,15.0,291.0,SCoT,1.0108935536841045e-66,True
mistral_7b,truncated,False,400,0.2175,0.6925,0.475,0.4225,0.5275,218.39080459770116,4.728263442876991e-47,0.9047619047619048,10.0,200.0,SCoT,1.4184790328630972e-46,True
openchat_7b,truncated,False,400,0.1675,0.1,-0.0675,-0.105,-0.03,-40.298507462686565,0.00046000500864878935,-0.47368421052631576,42.0,15.0,MGCoT,0.0005520060103785472,True
phi3_mini,truncated,False,400,0.25,0.505,0.255,0.2,0.3125,102.0,2.980560240298678e-16,0.6219512195121951,31.0,133.0,SCoT,5.961120480597356e-16,True
qwen2_1.5b,truncated,False,400,0.12,0.115,-0.005,-0.04,0.03,-4.166666666666667,0.887724827340783,-0.04,26.0,24.0,MGCoT,0.887724827340783,False
