model,mechanism,dataset,delta_time_seconds,cpu_usage_avg_percent,ram_usage_avg_mb,ram_usage_avg_percent,gpu_usage_avg_percent,gpu_memory_avg_mb,rouge1_f1,rouge2_f1,rougeL_f1,bleu,exact_match,token_precision,token_recall,token_f1,token_overlap_count,normalized_edit_distance,char_f1,bert_score_f1,semantic_similarity,accuracy
deepseek-r1_8b,MGCoT,MultiArith,155.85,42.033,14487.46,89.306,12.212,3311.006,0.0,0.0,0.0,0.0,0.0,0.0,0.0,0.0,0.0,0.0,0.0,0.0,0.0,0.0
deepseek-r1_8b,MGCoT,QASports,155.204,37.783,13568.204,83.641,13.648,2759.056,0.0,0.0,0.0,0.0,0.0,0.0,0.0,0.0,0.0,0.0,0.0,0.0,0.0,0.0
deepseek-r1_8b,MGCoT,SVAMP,155.594,28.414,14495.259,89.354,11.85,4038.766,0.0,0.0,0.0,0.0,0.0,0.0,0.0,0.0,0.0,0.0,0.0,0.0,0.0,0.0
deepseek-r1_8b,MGCoT,StrategyQA,155.157,29.32,14386.695,88.685,11.897,2845.566,0.0,0.0,0.0,0.0,0.0,0.0,0.0,0.0,0.0,0.0,0.006,0.016,0.001,0.0
deepseek-r1_8b,MGCoT,aqua,156.319,39.039,13929.215,85.865,12.161,3894.69,0.0,0.0,0.0,0.0,0.0,0.0,0.0,0.0,0.0,0.0,0.0,0.0,0.0,0.0
deepseek-r1_8b,MGCoT,asdiv,153.123,28.028,13219.564,81.49,11.844,3908.606,0.003,0.0,0.003,0.0,0.0,0.002,0.04,0.004,0.04,0.001,0.005,0.065,0.02,0.06
deepseek-r1_8b,MGCoT,clutrr,154.117,28.158,13815.004,85.162,11.895,3908.766,0.021,0.0,0.021,0.0,0.0,0.014,0.033,0.02,0.1,0.029,0.07,0.085,0.03,0.1
deepseek-r1_8b,MGCoT,date,153.559,28.063,13891.694,85.634,11.781,3908.766,0.08,0.08,0.08,0.0,0.0,0.08,0.04,0.053,0.08,0.053,0.067,0.077,0.068,0.08
deepseek-r1_8b,MGCoT,gsm8k,155.859,28.554,14787.168,91.154,11.877,3908.766,0.0,0.0,0.0,0.0,0.0,0.0,0.0,0.0,0.0,0.0,0.0,0.0,0.0,0.0
deepseek-r1_8b,MGCoT,saycan,154.991,27.979,13151.252,81.069,11.855,2720.766,0.0,0.0,0.0,0.0,0.0,0.0,0.0,0.0,0.0,0.0,0.0,0.0,0.0,0.0
deepseek-r1_8b,SCoT,MultiArith,153.799,38.773,14553.493,89.714,11.866,3290.055,0.0,0.0,0.0,0.0,0.0,0.0,0.0,0.0,0.0,0.001,0.004,0.016,0.003,0.0
deepseek-r1_8b,SCoT,QASports,153.336,36.567,13672.103,84.28,13.422,2758.131,0.0,0.0,0.0,0.0,0.0,0.0,0.0,0.0,0.0,0.0,0.0,0.0,0.0,0.0
deepseek-r1_8b,SCoT,SVAMP,153.61,26.838,14580.428,89.879,11.746,4034.766,0.007,0.0,0.007,0.0,0.0,0.003,0.01,0.004,0.02,0.002,0.006,0.031,0.008,0.02
deepseek-r1_8b,SCoT,StrategyQA,153.04,27.875,14507.035,89.427,11.657,2845.526,0.0,0.0,0.0,0.0,0.0,0.0,0.0,0.0,0.0,0.0,0.0,0.0,0.0,0.0
deepseek-r1_8b,SCoT,aqua,155.032,37.331,14029.485,86.483,11.768,3894.532,0.0,0.0,0.0,0.0,0.0,0.0,0.0,0.0,0.0,0.0,0.0,0.0,0.0,0.0
deepseek-r1_8b,SCoT,asdiv,153.224,26.716,13306.759,82.028,11.702,3908.526,0.0,0.0,0.0,0.0,0.0,0.0,0.0,0.0,0.0,0.0,0.0,0.13,0.036,0.0
deepseek-r1_8b,SCoT,clutrr,153.652,26.754,13878.831,85.555,11.689,3908.766,0.0,0.0,0.0,0.0,0.0,0.0,0.0,0.0,0.0,0.0,0.0,0.0,0.0,0.0
deepseek-r1_8b,SCoT,date,152.632,26.793,13955.267,86.025,11.282,3908.766,0.0,0.0,0.0,0.0,0.0,0.0,0.0,0.0,0.0,0.0,0.0,0.0,0.0,0.0
deepseek-r1_8b,SCoT,gsm8k,153.76,26.921,14878.278,91.716,11.722,3908.766,0.0,0.0,0.0,0.0,0.0,0.0,0.0,0.0,0.0,0.0,0.0,0.0,0.0,0.0
deepseek-r1_8b,SCoT,saycan,152.995,26.672,13225.071,81.526,11.684,2720.766,0.0,0.0,0.0,0.0,0.0,0.0,0.0,0.0,0.0,0.0,0.0,0.0,0.0,0.0
gemma2_2b,MGCoT,MultiArith,55.075,4.379,12748.996,78.591,6.238,3728.766,0.045,0.0,0.045,0.0,0.0,0.027,0.45,0.051,0.9,0.012,0.13,0.778,0.148,0.78
gemma2_2b,MGCoT,QASports,31.026,4.684,13702.904,84.476,12.152,3728.766,0.0,0.0,0.0,0.0,0.0,0.0,0.0,0.0,0.0,0.0,0.004,0.791,0.077,0.04
gemma2_2b,MGCoT,SVAMP,64.965,4.506,13217.62,81.479,5.985,3728.766,0.024,0.0,0.024,0.0,0.0,0.014,0.25,0.027,0.5,0.01,0.126,0.771,0.118,0.44
gemma2_2b,MGCoT,StrategyQA,109.673,4.829,12782.264,78.795,4.608,3728.766,0.0,0.0,0.0,0.0,0.0,0.0,0.02,0.001,0.02,0.005,0.234,0.776,0.024,0.1
gemma2_2b,MGCoT,aqua,130.855,10.998,13341.559,82.243,4.272,3510.126,0.008,0.0,0.008,0.0,0.0,0.007,0.42,0.014,0.42,0.001,0.048,0.759,0.111,0.22
gemma2_2b,MGCoT,asdiv,50.49,6.51,9752.487,60.117,8.641,3726.766,0.061,0.0,0.061,0.0,0.0,0.032,0.76,0.06,0.76,0.01,0.082,0.796,0.276,0.68
gemma2_2b,MGCoT,clutrr,12.768,4.84,9431.468,58.139,18.455,3726.766,0.191,0.003,0.188,0.0,0.0,0.063,0.167,0.09,0.5,0.209,0.62,0.835,0.382,0.42
gemma2_2b,MGCoT,date,20.603,4.527,9840.324,60.659,13.844,3726.766,0.317,0.119,0.317,0.0,0.0,0.024,0.08,0.035,0.16,0.224,0.433,0.862,0.586,0.26
gemma2_2b,MGCoT,gsm8k,91.286,4.386,11213.289,69.121,4.789,3728.606,0.442,0.188,0.321,0.04,0.0,0.409,0.513,0.441,19.46,0.251,0.844,0.85,0.797,0.48
gemma2_2b,MGCoT,saycan,36.723,4.51,13602.967,83.854,8.608,3728.766,0.042,0.007,0.041,0.0,0.0,0.103,0.137,0.109,3.2,0.149,0.616,0.778,0.307,0.0
gemma2_2b,SCoT,MultiArith,96.391,4.384,12795.079,78.875,4.024,3728.766,0.018,0.0,0.018,0.0,0.0,0.017,0.49,0.032,0.98,0.004,0.115,0.752,0.161,0.98
gemma2_2b,SCoT,QASports,135.909,4.603,13741.217,84.706,3.711,3728.766,0.007,0.0,0.007,0.0,0.0,0.004,0.36,0.009,0.36,0.001,0.03,0.751,0.102,0.1
gemma2_2b,SCoT,SVAMP,110.731,4.251,13271.286,81.811,3.925,3728.766,0.013,0.0,0.013,0.0,0.0,0.013,0.36,0.025,0.72,0.004,0.117,0.75,0.126,0.6
gemma2_2b,SCoT,StrategyQA,146.765,4.698,12861.489,79.283,3.656,3728.766,0.0,0.0,0.0,0.0,0.0,0.0,0.02,0.001,0.02,0.004,0.209,0.756,0.03,0.18
gemma2_2b,SCoT,aqua,143.828,10.659,13434.268,82.814,3.815,3488.526,0.006,0.0,0.006,0.0,0.0,0.007,0.48,0.013,0.48,0.001,0.046,0.755,0.113,0.26
gemma2_2b,SCoT,asdiv,80.693,6.176,9808.885,60.468,4.176,3722.686,0.021,0.0,0.021,0.0,0.0,0.019,0.88,0.037,0.88,0.003,0.069,0.772,0.26,0.84
gemma2_2b,SCoT,clutrr,94.607,4.305,9465.718,58.349,4.051,3726.766,0.035,0.0,0.033,0.0,0.0,0.017,0.327,0.032,0.98,0.038,0.505,0.798,0.328,0.28
gemma2_2b,SCoT,date,105.272,4.237,9876.391,60.88,3.908,3726.766,0.047,0.019,0.046,0.0,0.0,0.009,0.21,0.017,0.42,0.019,0.275,0.778,0.305,0.4
gemma2_2b,SCoT,gsm8k,138.899,4.325,11258.582,69.403,3.777,3728.566,0.345,0.13,0.231,0.026,0.0,0.306,0.527,0.381,20.24,0.188,0.816,0.825,0.763,0.42
gemma2_2b,SCoT,saycan,131.936,4.453,13652.801,84.163,3.728,3728.766,0.073,0.007,0.063,0.0,0.0,0.079,0.263,0.119,6.14,0.119,0.694,0.769,0.435,0.0
llama3.2_1b,MGCoT,MultiArith,151.895,4.094,8711.952,53.703,2.421,3120.766,0.001,0.0,0.001,0.0,0.0,0.001,0.04,0.002,0.08,0.002,0.098,0.74,0.099,0.02
llama3.2_1b,MGCoT,QASports,45.716,4.38,8941.542,55.117,7.123,3120.766,0.002,0.0,0.002,0.0,0.0,0.0,0.04,0.001,0.04,0.0,0.011,0.782,0.089,0.0
llama3.2_1b,MGCoT,SVAMP,151.903,4.108,9221.452,56.844,2.437,3120.766,0.003,0.0,0.003,0.0,0.0,0.003,0.13,0.005,0.26,0.003,0.111,0.743,0.09,0.02
llama3.2_1b,MGCoT,StrategyQA,116.286,4.202,9250.182,57.022,4.346,3120.766,0.0,0.0,0.0,0.0,0.0,0.0,0.0,0.0,0.0,0.012,0.223,0.767,0.071,0.06
llama3.2_1b,MGCoT,aqua,146.139,4.182,10171.386,62.7,2.652,3120.766,0.004,0.0,0.004,0.0,0.0,0.003,0.24,0.007,0.24,0.001,0.046,0.752,0.068,0.04
llama3.2_1b,MGCoT,asdiv,151.886,4.184,10453.509,64.437,2.43,3120.766,0.001,0.0,0.001,0.0,0.0,0.001,0.1,0.002,0.1,0.001,0.051,0.762,0.101,0.02
llama3.2_1b,MGCoT,clutrr,146.438,4.139,9740.712,60.046,2.691,3120.766,0.003,0.0,0.003,0.0,0.0,0.0,0.013,0.001,0.04,0.027,0.455,0.786,0.092,0.06
llama3.2_1b,MGCoT,date,148.444,9.595,13081.49,80.639,2.587,3120.776,0.005,0.002,0.005,0.0,0.0,0.001,0.03,0.001,0.06,0.007,0.225,0.738,0.1,0.04
llama3.2_1b,MGCoT,gsm8k,151.847,7.786,10571.22,65.166,2.473,3120.766,0.121,0.02,0.079,0.004,0.0,0.101,0.25,0.14,10.02,0.141,0.762,0.774,0.153,0.02
llama3.2_1b,MGCoT,saycan,103.032,4.554,9122.52,56.237,6.288,3120.766,0.029,0.006,0.027,0.0,0.0,0.072,0.171,0.084,4.0,0.127,0.663,0.772,0.241,0.0
llama3.2_1b,SCoT,MultiArith,95.353,4.135,8729.7,53.817,2.576,3120.766,0.014,0.0,0.014,0.0,0.0,0.015,0.43,0.028,0.86,0.004,0.112,0.754,0.161,0.78
llama3.2_1b,SCoT,QASports,130.575,4.149,8940.984,55.116,2.265,3120.766,0.006,0.0,0.006,0.0,0.0,0.003,0.26,0.006,0.26,0.001,0.03,0.752,0.088,0.36
llama3.2_1b,SCoT,SVAMP,111.629,4.173,9242.184,56.973,2.505,3120.766,0.011,0.0,0.011,0.0,0.0,0.012,0.35,0.023,0.7,0.004,0.114,0.751,0.129,0.44
llama3.2_1b,SCoT,StrategyQA,148.355,4.301,9269.22,57.138,2.256,3120.766,0.0,0.0,0.0,0.0,0.0,0.0,0.02,0.001,0.02,0.003,0.21,0.765,0.019,0.14
llama3.2_1b,SCoT,aqua,142.675,4.183,10180.731,62.759,2.404,3120.726,0.004,0.0,0.004,0.0,0.0,0.004,0.3,0.007,0.3,0.001,0.045,0.758,0.108,0.04
llama3.2_1b,SCoT,asdiv,84.643,4.222,10496.384,64.703,2.651,3120.766,0.018,0.0,0.018,0.0,0.0,0.019,0.98,0.038,0.98,0.003,0.07,0.77,0.297,0.82
llama3.2_1b,SCoT,clutrr,87.67,4.105,9758.996,60.159,2.731,3120.766,0.035,0.0,0.033,0.0,0.0,0.014,0.233,0.026,0.7,0.038,0.501,0.803,0.337,0.46
llama3.2_1b,SCoT,date,98.849,9.833,13143.979,81.025,2.527,3120.766,0.034,0.012,0.033,0.0,0.0,0.005,0.11,0.01,0.22,0.018,0.262,0.779,0.303,0.18
llama3.2_1b,SCoT,gsm8k,127.359,7.631,10660.509,65.716,2.427,3120.766,0.345,0.147,0.24,0.038,0.0,0.317,0.564,0.399,22.0,0.189,0.816,0.839,0.784,0.32
llama3.2_1b,SCoT,saycan,124.535,4.366,9142.786,56.359,2.369,3120.766,0.068,0.006,0.059,0.0,0.0,0.072,0.236,0.109,5.46,0.119,0.696,0.782,0.43,0.0
mistral_7b,MGCoT,MultiArith,114.651,22.826,13150.235,81.062,11.931,3905.883,0.024,0.0,0.024,0.0,0.0,0.014,0.33,0.026,0.66,0.007,0.112,0.756,0.137,0.34
mistral_7b,MGCoT,QASports,129.317,23.201,13152.171,81.074,11.895,3905.883,0.009,0.0,0.009,0.0,0.0,0.002,0.16,0.003,0.16,0.001,0.037,0.763,0.096,0.18
mistral_7b,MGCoT,SVAMP,121.493,28.868,13579.829,83.71,12.451,3905.883,0.023,0.0,0.023,0.0,0.0,0.013,0.25,0.022,0.5,0.009,0.117,0.758,0.124,0.24
mistral_7b,MGCoT,StrategyQA,149.324,22.177,12070.769,74.409,11.602,3905.883,0.0,0.0,0.0,0.0,0.0,0.0,0.0,0.0,0.0,0.005,0.193,0.766,0.07,0.36
mistral_7b,MGCoT,aqua,153.778,26.229,13473.46,83.056,11.92,3661.445,0.006,0.0,0.006,0.0,0.0,0.006,0.48,0.013,0.48,0.001,0.047,0.759,0.092,0.12
mistral_7b,MGCoT,asdiv,120.035,24.467,13817.109,85.174,12.066,3905.883,0.027,0.0,0.027,0.0,0.0,0.018,0.82,0.034,0.82,0.004,0.069,0.78,0.207,0.22
mistral_7b,MGCoT,clutrr,140.392,31.085,13609.98,83.898,12.113,3905.883,0.023,0.0,0.022,0.0,0.0,0.008,0.193,0.014,0.58,0.042,0.46,0.796,0.26,0.16
mistral_7b,MGCoT,date,120.546,26.462,11928.95,73.535,12.513,3905.89,0.095,0.049,0.094,0.0,0.0,0.026,0.11,0.024,0.22,0.07,0.303,0.792,0.365,0.32
mistral_7b,MGCoT,gsm8k,150.052,23.474,11778.748,72.609,11.702,3905.883,0.305,0.126,0.205,0.029,0.0,0.267,0.51,0.338,20.26,0.187,0.798,0.831,0.653,0.12
mistral_7b,MGCoT,saycan,151.206,24.014,12702.784,78.305,11.651,3905.883,0.048,0.005,0.042,0.0,0.0,0.064,0.273,0.103,6.26,0.125,0.701,0.77,0.365,0.0
mistral_7b,SCoT,MultiArith,96.158,21.969,13224.889,81.521,11.06,3905.883,0.017,0.0,0.017,0.0,0.0,0.015,0.44,0.03,0.88,0.004,0.113,0.757,0.17,0.78
mistral_7b,SCoT,QASports,109.97,22.263,13262.731,81.755,10.523,3905.883,0.006,0.0,0.006,0.0,0.0,0.005,0.44,0.01,0.44,0.001,0.025,0.766,0.09,0.16
mistral_7b,SCoT,SVAMP,102.382,28.539,13628.438,84.011,11.227,3905.883,0.015,0.0,0.015,0.0,0.0,0.014,0.38,0.027,0.76,0.005,0.114,0.756,0.14,0.64
mistral_7b,SCoT,StrategyQA,118.586,20.986,12143.734,74.86,10.512,3905.883,0.0,0.0,0.0,0.0,0.0,0.0,0.0,0.0,0.0,0.005,0.209,0.776,0.042,0.18
mistral_7b,SCoT,aqua,147.495,25.421,13550.038,83.527,11.615,3632.251,0.006,0.0,0.006,0.0,0.0,0.006,0.5,0.012,0.5,0.001,0.042,0.761,0.135,0.24
mistral_7b,SCoT,asdiv,73.35,23.345,13913.971,85.771,10.821,3901.803,0.025,0.0,0.025,0.0,0.0,0.021,0.96,0.041,0.96,0.003,0.07,0.779,0.294,0.86
mistral_7b,SCoT,clutrr,80.724,29.556,13678.243,84.319,11.545,3905.883,0.045,0.0,0.041,0.0,0.0,0.015,0.247,0.028,0.74,0.049,0.515,0.81,0.37,0.34
mistral_7b,SCoT,date,97.672,26.323,12049.872,74.278,10.348,3905.883,0.04,0.013,0.04,0.0,0.0,0.003,0.08,0.007,0.16,0.02,0.251,0.786,0.372,0.16
mistral_7b,SCoT,gsm8k,133.212,22.151,11834.331,72.953,11.2,3905.883,0.357,0.147,0.243,0.038,0.0,0.317,0.583,0.403,22.7,0.203,0.825,0.842,0.778,0.44
mistral_7b,SCoT,saycan,84.917,22.837,12831.159,79.097,10.18,3905.883,0.081,0.008,0.071,0.0,0.0,0.078,0.198,0.11,4.68,0.146,0.667,0.787,0.422,0.0
openchat_7b,MGCoT,MultiArith,51.826,21.203,13201.666,81.381,12.285,3904.766,0.039,0.0,0.039,0.0,0.0,0.026,0.47,0.049,0.94,0.011,0.138,0.77,0.147,0.84
openchat_7b,MGCoT,QASports,38.343,20.942,13241.1,81.624,12.275,3904.766,0.0,0.0,0.0,0.0,0.0,0.0,0.0,0.0,0.0,0.0,0.001,0.783,0.067,0.02
openchat_7b,MGCoT,SVAMP,68.119,30.294,13772.177,84.896,13.112,3904.778,0.029,0.0,0.029,0.0,0.0,0.024,0.4,0.045,0.8,0.009,0.139,0.767,0.12,0.76
openchat_7b,MGCoT,StrategyQA,79.095,21.94,13442.091,82.863,12.449,3904.766,0.002,0.0,0.002,0.0,0.0,0.001,0.04,0.002,0.04,0.007,0.269,0.787,0.026,0.28
openchat_7b,MGCoT,aqua,124.406,29.638,13224.565,81.521,13.118,3688.646,0.012,0.0,0.012,0.0,0.0,0.011,0.62,0.022,0.62,0.001,0.049,0.764,0.11,0.44
openchat_7b,MGCoT,asdiv,50.847,20.867,11050.749,68.12,13.76,3904.766,0.051,0.0,0.051,0.0,0.0,0.033,0.82,0.062,0.82,0.008,0.084,0.793,0.258,0.74
openchat_7b,MGCoT,clutrr,14.336,18.845,11311.031,69.728,18.253,3904.766,0.193,0.0,0.182,0.0,0.0,0.073,0.22,0.108,0.66,0.239,0.673,0.842,0.361,0.52
openchat_7b,MGCoT,date,25.249,19.716,11364.098,70.057,12.868,3904.766,0.232,0.087,0.227,0.0,0.0,0.022,0.09,0.034,0.18,0.168,0.379,0.842,0.549,0.36
openchat_7b,MGCoT,gsm8k,115.63,22.537,12527.078,77.223,12.842,3904.766,0.416,0.193,0.301,0.048,0.0,0.401,0.58,0.466,22.66,0.243,0.851,0.861,0.819,0.52
openchat_7b,MGCoT,saycan,58.948,21.012,13192.19,81.321,13.11,3904.766,0.045,0.006,0.042,0.0,0.0,0.091,0.15,0.099,3.42,0.138,0.653,0.786,0.304,0.0
openchat_7b,SCoT,MultiArith,98.507,19.997,13263.66,81.761,9.759,3904.766,0.018,0.0,0.018,0.0,0.0,0.017,0.49,0.032,0.98,0.004,0.118,0.751,0.179,0.9
openchat_7b,SCoT,QASports,96.464,20.171,13312.208,82.06,9.015,3904.766,0.009,0.0,0.009,0.0,0.0,0.009,0.6,0.017,0.6,0.001,0.032,0.766,0.095,0.14
openchat_7b,SCoT,SVAMP,103.515,28.828,13844.715,85.345,11.268,3904.774,0.015,0.0,0.015,0.0,0.0,0.015,0.42,0.029,0.84,0.004,0.121,0.754,0.143,0.72
openchat_7b,SCoT,StrategyQA,129.346,20.326,13521.66,83.352,9.517,3904.766,0.0,0.0,0.0,0.0,0.0,0.0,0.0,0.0,0.0,0.004,0.214,0.767,0.035,0.34
openchat_7b,SCoT,aqua,140.328,28.257,13388.374,82.531,12.125,3666.969,0.011,0.0,0.011,0.0,0.0,0.007,0.48,0.013,0.48,0.001,0.046,0.759,0.145,0.3
openchat_7b,SCoT,asdiv,88.285,19.938,11124.936,68.576,9.714,3900.686,0.02,0.0,0.02,0.0,0.0,0.019,0.98,0.037,0.98,0.003,0.071,0.772,0.282,0.86
openchat_7b,SCoT,clutrr,73.555,19.825,11374.004,70.115,9.901,3904.766,0.048,0.0,0.044,0.0,0.0,0.013,0.227,0.025,0.68,0.056,0.509,0.806,0.341,0.36
openchat_7b,SCoT,date,104.756,20.091,11411.848,70.347,9.228,3904.766,0.035,0.009,0.034,0.0,0.0,0.002,0.04,0.003,0.08,0.019,0.25,0.777,0.345,0.26
openchat_7b,SCoT,gsm8k,135.458,20.272,12617.444,77.777,9.962,3904.766,0.368,0.174,0.259,0.049,0.0,0.331,0.573,0.412,22.22,0.206,0.828,0.841,0.784,0.5
openchat_7b,SCoT,saycan,87.739,20.417,13276.837,81.844,8.97,3904.766,0.078,0.006,0.072,0.0,0.0,0.071,0.185,0.1,4.3,0.145,0.696,0.789,0.439,0.0
phi3_mini,MGCoT,MultiArith,88.84,13.289,13568.218,83.641,7.618,3914.766,0.036,0.0,0.036,0.0,0.0,0.022,0.48,0.041,0.96,0.009,0.127,0.765,0.153,0.7
phi3_mini,MGCoT,QASports,129.444,16.276,13696.094,84.426,7.168,3914.766,0.004,0.0,0.004,0.0,0.0,0.0,0.0,0.0,0.0,0.001,0.03,0.766,0.113,0.12
phi3_mini,MGCoT,SVAMP,103.828,12.527,13903.893,85.707,7.309,3916.766,0.024,0.0,0.024,0.0,0.0,0.019,0.44,0.036,0.88,0.007,0.128,0.762,0.13,0.6
phi3_mini,MGCoT,StrategyQA,148.35,12.652,13003.307,80.158,6.649,3916.766,0.0,0.0,0.0,0.0,0.0,0.0,0.02,0.001,0.02,0.005,0.202,0.77,0.074,0.18
phi3_mini,MGCoT,aqua,123.717,18.436,12939.688,79.765,9.624,3698.686,0.01,0.0,0.01,0.0,0.0,0.009,0.58,0.017,0.58,0.001,0.044,0.754,0.144,0.38
phi3_mini,MGCoT,asdiv,110.183,12.362,13383.396,82.498,7.186,3914.607,0.023,0.0,0.023,0.0,0.0,0.016,0.7,0.031,0.7,0.004,0.071,0.778,0.209,0.38
phi3_mini,MGCoT,clutrr,128.338,12.568,13623.881,83.985,6.978,3914.766,0.031,0.0,0.03,0.0,0.0,0.011,0.24,0.021,0.72,0.042,0.493,0.802,0.297,0.44
phi3_mini,MGCoT,date,30.443,12.404,13085.042,80.659,13.469,3914.766,0.387,0.207,0.385,0.0,0.0,0.173,0.2,0.128,0.4,0.258,0.498,0.882,0.591,0.38
phi3_mini,MGCoT,gsm8k,119.37,13.344,13400.918,82.608,7.093,3914.775,0.411,0.183,0.293,0.05,0.0,0.344,0.557,0.411,21.78,0.228,0.835,0.855,0.786,0.62
phi3_mini,MGCoT,saycan,142.203,19.787,13019.207,80.255,7.972,3916.366,0.024,0.004,0.022,0.0,0.0,0.047,0.178,0.072,4.1,0.125,0.692,0.767,0.264,0.0
phi3_mini,SCoT,MultiArith,94.697,12.113,13821.142,85.198,5.507,3914.766,0.02,0.0,0.02,0.0,0.0,0.019,0.5,0.036,1.0,0.005,0.116,0.757,0.16,0.94
phi3_mini,SCoT,QASports,123.632,14.738,13971.775,86.128,5.654,3914.766,0.009,0.0,0.009,0.0,0.0,0.008,0.6,0.016,0.6,0.001,0.035,0.765,0.091,0.1
phi3_mini,SCoT,SVAMP,103.825,10.823,14172.545,87.367,5.503,3916.766,0.017,0.0,0.017,0.0,0.0,0.018,0.45,0.034,0.9,0.005,0.121,0.759,0.135,0.76
phi3_mini,SCoT,StrategyQA,143.782,11.051,13279.422,81.859,5.396,3916.766,0.0,0.0,0.0,0.0,0.0,0.0,0.02,0.001,0.02,0.004,0.212,0.769,0.022,0.16
phi3_mini,SCoT,aqua,143.954,15.605,13267.016,81.784,6.372,3677.086,0.007,0.0,0.007,0.0,0.0,0.008,0.52,0.015,0.52,0.001,0.044,0.759,0.132,0.3
phi3_mini,SCoT,asdiv,87.442,10.983,13653.913,84.167,5.417,3910.566,0.023,0.0,0.023,0.0,0.0,0.021,0.96,0.042,0.96,0.003,0.07,0.776,0.266,0.82
phi3_mini,SCoT,clutrr,86.589,10.884,13886.838,85.6,5.537,3914.766,0.054,0.0,0.05,0.0,0.0,0.017,0.287,0.032,0.86,0.05,0.511,0.809,0.348,0.54
phi3_mini,SCoT,date,97.278,10.974,13277.006,81.848,5.091,3914.766,0.047,0.019,0.047,0.0,0.0,0.007,0.15,0.013,0.3,0.022,0.266,0.791,0.303,0.38
phi3_mini,SCoT,gsm8k,133.676,12.187,13708.623,84.506,5.627,3914.766,0.394,0.178,0.274,0.045,0.0,0.348,0.58,0.429,22.7,0.211,0.827,0.847,0.787,0.62
phi3_mini,SCoT,saycan,118.848,17.521,13436.191,82.827,5.866,3916.366,0.06,0.007,0.054,0.0,0.0,0.051,0.166,0.077,3.86,0.132,0.684,0.782,0.389,0.0
qwen2_1.5b,MGCoT,MultiArith,53.364,4.256,9221.378,56.847,4.078,2748.766,0.03,0.0,0.03,0.0,0.0,0.023,0.45,0.044,0.9,0.009,0.134,0.772,0.139,0.84
qwen2_1.5b,MGCoT,QASports,50.514,4.58,9312.008,57.403,5.381,2748.766,0.001,0.0,0.001,0.0,0.0,0.0,0.0,0.0,0.0,0.0,0.005,0.774,0.063,0.04
qwen2_1.5b,MGCoT,SVAMP,62.863,4.396,10021.31,61.775,4.894,2748.766,0.023,0.0,0.023,0.0,0.0,0.019,0.3,0.035,0.6,0.01,0.137,0.769,0.113,0.5
qwen2_1.5b,MGCoT,StrategyQA,95.974,4.389,9795.515,60.386,3.479,2748.766,0.0,0.0,0.0,0.0,0.0,0.0,0.0,0.0,0.0,0.008,0.239,0.776,0.049,0.1
qwen2_1.5b,MGCoT,aqua,109.592,9.904,12481.475,76.94,3.636,2529.726,0.02,0.0,0.02,0.0,0.0,0.012,0.54,0.023,0.54,0.002,0.05,0.764,0.133,0.36
qwen2_1.5b,MGCoT,asdiv,27.287,4.645,8606.678,53.055,9.918,2746.766,0.109,0.0,0.109,0.0,0.0,0.058,0.9,0.107,0.9,0.019,0.106,0.807,0.262,0.86
qwen2_1.5b,MGCoT,clutrr,8.225,4.873,8733.962,53.841,16.877,2746.766,0.15,0.0,0.15,0.0,0.0,0.054,0.16,0.08,0.48,0.245,0.668,0.841,0.33,0.48
qwen2_1.5b,MGCoT,date,36.151,4.607,8634.459,53.228,6.697,2748.766,0.124,0.038,0.121,0.0,0.0,0.001,0.01,0.001,0.02,0.102,0.317,0.815,0.394,0.1
qwen2_1.5b,MGCoT,gsm8k,110.715,4.199,8936.928,55.092,2.875,2748.766,0.368,0.156,0.266,0.044,0.0,0.354,0.53,0.416,20.94,0.219,0.818,0.848,0.802,0.38
qwen2_1.5b,MGCoT,saycan,46.489,4.695,9609.946,59.239,10.567,2748.766,0.036,0.005,0.034,0.0,0.0,0.124,0.129,0.103,3.0,0.122,0.604,0.783,0.25,0.0
qwen2_1.5b,SCoT,MultiArith,62.103,4.315,9237.086,56.939,2.849,2748.766,0.024,0.0,0.024,0.0,0.0,0.021,0.47,0.04,0.94,0.006,0.125,0.769,0.142,0.9
qwen2_1.5b,SCoT,QASports,31.824,4.846,9320.002,57.456,6.045,2748.766,0.001,0.0,0.001,0.0,0.0,0.0,0.02,0.0,0.02,0.0,0.003,0.777,0.089,0.04
qwen2_1.5b,SCoT,SVAMP,74.605,4.258,10022.339,61.783,2.757,2748.766,0.019,0.0,0.019,0.0,0.0,0.019,0.41,0.037,0.82,0.006,0.129,0.764,0.117,0.62
qwen2_1.5b,SCoT,StrategyQA,95.569,4.327,9809.198,60.469,3.192,2748.766,0.001,0.0,0.001,0.0,0.0,0.001,0.02,0.001,0.02,0.008,0.24,0.778,0.024,0.2
qwen2_1.5b,SCoT,aqua,123.399,10.198,12572.683,77.503,2.529,2508.125,0.008,0.0,0.008,0.0,0.0,0.007,0.46,0.014,0.46,0.001,0.047,0.76,0.13,0.24
qwen2_1.5b,SCoT,asdiv,50.208,4.817,8611.913,53.086,3.738,2742.727,0.042,0.0,0.042,0.0,0.0,0.03,0.88,0.058,0.88,0.006,0.081,0.791,0.254,0.84
qwen2_1.5b,SCoT,clutrr,15.37,5.499,8742.206,53.889,10.572,2746.766,0.124,0.0,0.123,0.0,0.0,0.034,0.133,0.051,0.4,0.195,0.645,0.838,0.318,0.28
qwen2_1.5b,SCoT,date,53.102,4.404,8651.593,53.332,3.692,2748.726,0.092,0.021,0.09,0.0,0.0,0.003,0.04,0.005,0.08,0.065,0.302,0.807,0.366,0.16
qwen2_1.5b,SCoT,gsm8k,111.305,4.253,8947.595,55.157,2.471,2748.766,0.376,0.165,0.275,0.049,0.0,0.362,0.557,0.428,21.5,0.219,0.828,0.85,0.801,0.36
qwen2_1.5b,SCoT,saycan,60.532,5.435,9632.715,59.377,6.377,2748.766,0.038,0.005,0.034,0.0,0.0,0.103,0.135,0.096,3.2,0.117,0.623,0.784,0.271,0.0
