record_id,text,Readability,Coherence,Relevance,Specificity,Engagement,Concise,Length,Zipf,Hapax,Entropy,Perplexity,dataset
0,A,100.0,0.0,0.0,0.0,0.0,1.0,0.000499875020830709,1.0,1.0,0.0,1.0,aqua
1,E,100.0,0.0,1.0,1.0,0.0,1.0,0.000499875020830709,1.0,1.0,0.0,1.0,aqua
2,A,100.0,0.0,0.0,0.0,0.0,1.0,0.000499875020830709,1.0,1.0,0.0,1.0,aqua
3,B,100.0,0.0,1.0,1.0,0.0,1.0,0.000499875020830709,1.0,1.0,0.0,1.0,aqua
4,B,100.0,0.0,1.0,1.0,0.0,1.0,0.000499875020830709,1.0,1.0,0.0,1.0,aqua
5,D,100.0,0.0,0.0,0.0,0.0,1.0,0.000499875020830709,1.0,1.0,0.0,1.0,aqua
6,D,100.0,0.0,0.0,0.0,0.0,1.0,0.000499875020830709,1.0,1.0,0.0,1.0,aqua
7,C,100.0,0.0,1.0,1.0,0.0,1.0,0.000499875020830709,1.0,1.0,0.0,1.0,aqua
8,E,100.0,0.0,1.0,1.0,0.0,1.0,0.000499875020830709,1.0,1.0,0.0,1.0,aqua
9,D,100.0,0.0,0.0,0.0,0.0,1.0,0.000499875020830709,1.0,1.0,0.0,1.0,aqua
10,B,100.0,0.0,1.0,1.0,0.0,1.0,0.000499875020830709,1.0,1.0,0.0,1.0,aqua
11,A,100.0,0.0,0.0,0.0,0.0,1.0,0.000499875020830709,1.0,1.0,0.0,1.0,aqua
12,C,100.0,0.0,1.0,1.0,0.0,1.0,0.000499875020830709,1.0,1.0,0.0,1.0,aqua
13,D,100.0,0.0,0.0,0.0,0.0,1.0,0.000499875020830709,1.0,1.0,0.0,1.0,aqua
14,C,100.0,0.0,1.0,1.0,0.0,1.0,0.000499875020830709,1.0,1.0,0.0,1.0,aqua
15,A,100.0,0.0,0.0,0.0,0.0,1.0,0.000499875020830709,1.0,1.0,0.0,1.0,aqua
16,A,100.0,0.0,0.0,0.0,0.0,1.0,0.000499875020830709,1.0,1.0,0.0,1.0,aqua
17,D,100.0,0.0,0.0,0.0,0.0,1.0,0.000499875020830709,1.0,1.0,0.0,1.0,aqua
18,D,100.0,0.0,0.0,0.0,0.0,1.0,0.000499875020830709,1.0,1.0,0.0,1.0,aqua
19,C,100.0,0.0,1.0,1.0,0.0,1.0,0.000499875020830709,1.0,1.0,0.0,1.0,aqua
20,C,100.0,0.0,1.0,1.0,0.0,1.0,0.000499875020830709,1.0,1.0,0.0,1.0,aqua
21,A,100.0,0.0,0.0,0.0,0.0,1.0,0.000499875020830709,1.0,1.0,0.0,1.0,aqua
22,E,100.0,0.0,1.0,1.0,0.0,1.0,0.000499875020830709,1.0,1.0,0.0,1.0,aqua
23,A,100.0,0.0,0.0,0.0,0.0,1.0,0.000499875020830709,1.0,1.0,0.0,1.0,aqua
24,D,100.0,0.0,0.0,0.0,0.0,1.0,0.000499875020830709,1.0,1.0,0.0,1.0,aqua
25,D,100.0,0.0,0.0,0.0,0.0,1.0,0.000499875020830709,1.0,1.0,0.0,1.0,aqua
26,C,100.0,0.0,1.0,1.0,0.0,1.0,0.000499875020830709,1.0,1.0,0.0,1.0,aqua
27,A,100.0,0.0,0.0,0.0,0.0,1.0,0.000499875020830709,1.0,1.0,0.0,1.0,aqua
28,B,100.0,0.0,1.0,1.0,0.0,1.0,0.000499875020830709,1.0,1.0,0.0,1.0,aqua
29,A,100.0,0.0,0.0,0.0,0.0,1.0,0.000499875020830709,1.0,1.0,0.0,1.0,aqua
30,B,100.0,0.0,1.0,1.0,0.0,1.0,0.000499875020830709,1.0,1.0,0.0,1.0,aqua
31,A,100.0,0.0,0.0,0.0,0.0,1.0,0.000499875020830709,1.0,1.0,0.0,1.0,aqua
32,B,100.0,0.0,1.0,1.0,0.0,1.0,0.000499875020830709,1.0,1.0,0.0,1.0,aqua
33,B,100.0,0.0,1.0,1.0,0.0,1.0,0.000499875020830709,1.0,1.0,0.0,1.0,aqua
34,B,100.0,0.0,1.0,1.0,0.0,1.0,0.000499875020830709,1.0,1.0,0.0,1.0,aqua
35,A,100.0,0.0,0.0,0.0,0.0,1.0,0.000499875020830709,1.0,1.0,0.0,1.0,aqua
36,D,100.0,0.0,0.0,0.0,0.0,1.0,0.000499875020830709,1.0,1.0,0.0,1.0,aqua
37,A,100.0,0.0,0.0,0.0,0.0,1.0,0.000499875020830709,1.0,1.0,0.0,1.0,aqua
38,D,100.0,0.0,0.0,0.0,0.0,1.0,0.000499875020830709,1.0,1.0,0.0,1.0,aqua
39,A,100.0,0.0,0.0,0.0,0.0,1.0,0.000499875020830709,1.0,1.0,0.0,1.0,aqua
40,A,100.0,0.0,0.0,0.0,0.0,1.0,0.000499875020830709,1.0,1.0,0.0,1.0,aqua
41,A,100.0,0.0,0.0,0.0,0.0,1.0,0.000499875020830709,1.0,1.0,0.0,1.0,aqua
42,C,100.0,0.0,1.0,1.0,0.0,1.0,0.000499875020830709,1.0,1.0,0.0,1.0,aqua
43,A,100.0,0.0,0.0,0.0,0.0,1.0,0.000499875020830709,1.0,1.0,0.0,1.0,aqua
44,B,100.0,0.0,1.0,1.0,0.0,1.0,0.000499875020830709,1.0,1.0,0.0,1.0,aqua
45,B,100.0,0.0,1.0,1.0,0.0,1.0,0.000499875020830709,1.0,1.0,0.0,1.0,aqua
46,E,100.0,0.0,1.0,1.0,0.0,1.0,0.000499875020830709,1.0,1.0,0.0,1.0,aqua
47,A,100.0,0.0,0.0,0.0,0.0,1.0,0.000499875020830709,1.0,1.0,0.0,1.0,aqua
48,D,100.0,0.0,0.0,0.0,0.0,1.0,0.000499875020830709,1.0,1.0,0.0,1.0,aqua
49,B,100.0,0.0,1.0,1.0,0.0,1.0,0.000499875020830709,1.0,1.0,0.0,1.0,aqua
0,9,100.0,0.0,0.0,0.0,0.0,1.0,0.0,0.0,0.0,0.0,1.0,asdiv
1,15,100.0,0.0,0.0,0.0,0.0,1.0,0.0,0.0,0.0,0.0,1.0,asdiv
2,16,100.0,0.0,0.0,0.0,0.0,1.0,0.0,0.0,0.0,0.0,1.0,asdiv
3,6,100.0,0.0,0.0,0.0,0.0,1.0,0.0,0.0,0.0,0.0,1.0,asdiv
4,14,100.0,0.0,0.0,0.0,0.0,1.0,0.0,0.0,0.0,0.0,1.0,asdiv
5,11,100.0,0.0,0.0,0.0,0.0,1.0,0.0,0.0,0.0,0.0,1.0,asdiv
6,8,100.0,0.0,0.0,0.0,0.0,1.0,0.0,0.0,0.0,0.0,1.0,asdiv
7,4,100.0,0.0,0.0,0.0,0.0,1.0,0.0,0.0,0.0,0.0,1.0,asdiv
8,18,100.0,0.0,0.0,0.0,0.0,1.0,0.0,0.0,0.0,0.0,1.0,asdiv
9,11,100.0,0.0,0.0,0.0,0.0,1.0,0.0,0.0,0.0,0.0,1.0,asdiv
10,24,100.0,0.0,0.0,0.0,0.0,1.0,0.0,0.0,0.0,0.0,1.0,asdiv
11,19,100.0,0.0,0.0,0.0,0.0,1.0,0.0,0.0,0.0,0.0,1.0,asdiv
12,45,100.0,0.0,0.0,0.0,0.0,1.0,0.0,0.0,0.0,0.0,1.0,asdiv
13,0,100.0,0.0,0.0,0.0,0.0,1.0,0.0,0.0,0.0,0.0,1.0,asdiv
14,2,100.0,0.0,0.0,0.0,0.0,1.0,0.0,0.0,0.0,0.0,1.0,asdiv
15,8,100.0,0.0,0.0,0.0,0.0,1.0,0.0,0.0,0.0,0.0,1.0,asdiv
16,7,100.0,0.0,0.0,0.0,0.0,1.0,0.0,0.0,0.0,0.0,1.0,asdiv
17,3,100.0,0.0,0.0,0.0,0.0,1.0,0.0,0.0,0.0,0.0,1.0,asdiv
18,7,100.0,0.0,0.0,0.0,0.0,1.0,0.0,0.0,0.0,0.0,1.0,asdiv
19,12,100.0,0.0,0.0,0.0,0.0,1.0,0.0,0.0,0.0,0.0,1.0,asdiv
20,6,100.0,0.0,0.0,0.0,0.0,1.0,0.0,0.0,0.0,0.0,1.0,asdiv
21,5,100.0,0.0,0.0,0.0,0.0,1.0,0.0,0.0,0.0,0.0,1.0,asdiv
22,4,100.0,0.0,0.0,0.0,0.0,1.0,0.0,0.0,0.0,0.0,1.0,asdiv
23,3,100.0,0.0,0.0,0.0,0.0,1.0,0.0,0.0,0.0,0.0,1.0,asdiv
24,1,100.0,0.0,0.0,0.0,0.0,1.0,0.0,0.0,0.0,0.0,1.0,asdiv
25,2,100.0,0.0,0.0,0.0,0.0,1.0,0.0,0.0,0.0,0.0,1.0,asdiv
26,5,100.0,0.0,0.0,0.0,0.0,1.0,0.0,0.0,0.0,0.0,1.0,asdiv
27,1,100.0,0.0,0.0,0.0,0.0,1.0,0.0,0.0,0.0,0.0,1.0,asdiv
28,3,100.0,0.0,0.0,0.0,0.0,1.0,0.0,0.0,0.0,0.0,1.0,asdiv
29,13,100.0,0.0,0.0,0.0,0.0,1.0,0.0,0.0,0.0,0.0,1.0,asdiv
30,45,100.0,0.0,0.0,0.0,0.0,1.0,0.0,0.0,0.0,0.0,1.0,asdiv
31,55,100.0,0.0,0.0,0.0,0.0,1.0,0.0,0.0,0.0,0.0,1.0,asdiv
32,38,100.0,0.0,0.0,0.0,0.0,1.0,0.0,0.0,0.0,0.0,1.0,asdiv
33,18,100.0,0.0,0.0,0.0,0.0,1.0,0.0,0.0,0.0,0.0,1.0,asdiv
34,12,100.0,0.0,0.0,0.0,0.0,1.0,0.0,0.0,0.0,0.0,1.0,asdiv
35,5,100.0,0.0,0.0,0.0,0.0,1.0,0.0,0.0,0.0,0.0,1.0,asdiv
36,15,100.0,0.0,0.0,0.0,0.0,1.0,0.0,0.0,0.0,0.0,1.0,asdiv
37,12,100.0,0.0,0.0,0.0,0.0,1.0,0.0,0.0,0.0,0.0,1.0,asdiv
38,6,100.0,0.0,0.0,0.0,0.0,1.0,0.0,0.0,0.0,0.0,1.0,asdiv
39,7,100.0,0.0,0.0,0.0,0.0,1.0,0.0,0.0,0.0,0.0,1.0,asdiv
40,12,100.0,0.0,0.0,0.0,0.0,1.0,0.0,0.0,0.0,0.0,1.0,asdiv
41,6,100.0,0.0,0.0,0.0,0.0,1.0,0.0,0.0,0.0,0.0,1.0,asdiv
42,4,100.0,0.0,0.0,0.0,0.0,1.0,0.0,0.0,0.0,0.0,1.0,asdiv
43,6,100.0,0.0,0.0,0.0,0.0,1.0,0.0,0.0,0.0,0.0,1.0,asdiv
44,10,100.0,0.0,0.0,0.0,0.0,1.0,0.0,0.0,0.0,0.0,1.0,asdiv
45,16,100.0,0.0,0.0,0.0,0.0,1.0,0.0,0.0,0.0,0.0,1.0,asdiv
46,14,100.0,0.0,0.0,0.0,0.0,1.0,0.0,0.0,0.0,0.0,1.0,asdiv
47,15,100.0,0.0,0.0,0.0,0.0,1.0,0.0,0.0,0.0,0.0,1.0,asdiv
48,18,100.0,0.0,0.0,0.0,0.0,1.0,0.0,0.0,0.0,0.0,1.0,asdiv
49,11,100.0,0.0,0.0,0.0,0.0,1.0,0.0,0.0,0.0,0.0,1.0,asdiv
0,grandson-brother #### grandson,100.0,0.0,1.0,1.0,0.0,1.0,0.000499875020830709,1.0,1.0,0.0,1.0,clutrr
1,husband-daughter #### daughter,100.0,0.0,1.0,1.0,0.0,1.0,0.000499875020830709,1.0,1.0,0.0,1.0,clutrr
2,husband-daughter #### daughter,100.0,0.0,1.0,1.0,0.0,1.0,0.000499875020830709,1.0,1.0,0.0,1.0,clutrr
3,grandson-brother #### grandson,100.0,0.0,1.0,1.0,0.0,1.0,0.000499875020830709,1.0,1.0,0.0,1.0,clutrr
4,grandson-brother #### grandson,100.0,0.0,1.0,1.0,0.0,1.0,0.000499875020830709,1.0,1.0,0.0,1.0,clutrr
5,husband-daughter #### daughter,100.0,0.0,1.0,1.0,0.0,1.0,0.000499875020830709,1.0,1.0,0.0,1.0,clutrr
6,husband-daughter #### daughter,100.0,0.0,1.0,1.0,0.0,1.0,0.000499875020830709,1.0,1.0,0.0,1.0,clutrr
7,grandson-brother #### grandson,100.0,0.0,1.0,1.0,0.0,1.0,0.000499875020830709,1.0,1.0,0.0,1.0,clutrr
8,grandson-brother #### grandson,100.0,0.0,1.0,1.0,0.0,1.0,0.000499875020830709,1.0,1.0,0.0,1.0,clutrr
9,grandson-brother #### grandson,100.0,0.0,1.0,1.0,0.0,1.0,0.000499875020830709,1.0,1.0,0.0,1.0,clutrr
10,husband-daughter #### daughter,100.0,0.0,1.0,1.0,0.0,1.0,0.000499875020830709,1.0,1.0,0.0,1.0,clutrr
11,husband-daughter #### daughter,100.0,0.0,1.0,1.0,0.0,1.0,0.000499875020830709,1.0,1.0,0.0,1.0,clutrr
12,husband-daughter #### daughter,100.0,0.0,1.0,1.0,0.0,1.0,0.000499875020830709,1.0,1.0,0.0,1.0,clutrr
13,grandson-brother #### grandson,100.0,0.0,1.0,1.0,0.0,1.0,0.000499875020830709,1.0,1.0,0.0,1.0,clutrr
14,husband-daughter #### daughter,100.0,0.0,1.0,1.0,0.0,1.0,0.000499875020830709,1.0,1.0,0.0,1.0,clutrr
15,grandson-brother #### grandson,100.0,0.0,1.0,1.0,0.0,1.0,0.000499875020830709,1.0,1.0,0.0,1.0,clutrr
16,grandson-brother #### grandson,100.0,0.0,1.0,1.0,0.0,1.0,0.000499875020830709,1.0,1.0,0.0,1.0,clutrr
17,husband-daughter #### daughter,100.0,0.0,1.0,1.0,0.0,1.0,0.000499875020830709,1.0,1.0,0.0,1.0,clutrr
18,grandson-brother #### grandson,100.0,0.0,1.0,1.0,0.0,1.0,0.000499875020830709,1.0,1.0,0.0,1.0,clutrr
19,husband-daughter #### daughter,100.0,0.0,1.0,1.0,0.0,1.0,0.000499875020830709,1.0,1.0,0.0,1.0,clutrr
20,grandson-brother #### grandson,100.0,0.0,1.0,1.0,0.0,1.0,0.000499875020830709,1.0,1.0,0.0,1.0,clutrr
21,husband-daughter #### daughter,100.0,0.0,1.0,1.0,0.0,1.0,0.000499875020830709,1.0,1.0,0.0,1.0,clutrr
22,grandson-brother #### grandson,100.0,0.0,1.0,1.0,0.0,1.0,0.000499875020830709,1.0,1.0,0.0,1.0,clutrr
23,husband-daughter #### daughter,100.0,0.0,1.0,1.0,0.0,1.0,0.000499875020830709,1.0,1.0,0.0,1.0,clutrr
24,husband-daughter #### daughter,100.0,0.0,1.0,1.0,0.0,1.0,0.000499875020830709,1.0,1.0,0.0,1.0,clutrr
25,grandson-brother #### grandson,100.0,0.0,1.0,1.0,0.0,1.0,0.000499875020830709,1.0,1.0,0.0,1.0,clutrr
26,grandson-brother #### grandson,100.0,0.0,1.0,1.0,0.0,1.0,0.000499875020830709,1.0,1.0,0.0,1.0,clutrr
27,husband-daughter #### daughter,100.0,0.0,1.0,1.0,0.0,1.0,0.000499875020830709,1.0,1.0,0.0,1.0,clutrr
28,grandson-brother #### grandson,100.0,0.0,1.0,1.0,0.0,1.0,0.000499875020830709,1.0,1.0,0.0,1.0,clutrr
29,husband-daughter #### daughter,100.0,0.0,1.0,1.0,0.0,1.0,0.000499875020830709,1.0,1.0,0.0,1.0,clutrr
30,grandson-brother #### grandson,100.0,0.0,1.0,1.0,0.0,1.0,0.000499875020830709,1.0,1.0,0.0,1.0,clutrr
31,husband-daughter #### daughter,100.0,0.0,1.0,1.0,0.0,1.0,0.000499875020830709,1.0,1.0,0.0,1.0,clutrr
32,husband-daughter #### daughter,100.0,0.0,1.0,1.0,0.0,1.0,0.000499875020830709,1.0,1.0,0.0,1.0,clutrr
33,grandson-brother #### grandson,100.0,0.0,1.0,1.0,0.0,1.0,0.000499875020830709,1.0,1.0,0.0,1.0,clutrr
34,husband-daughter #### daughter,100.0,0.0,1.0,1.0,0.0,1.0,0.000499875020830709,1.0,1.0,0.0,1.0,clutrr
35,grandson-brother #### grandson,100.0,0.0,1.0,1.0,0.0,1.0,0.000499875020830709,1.0,1.0,0.0,1.0,clutrr
36,grandson-brother #### grandson,100.0,0.0,1.0,1.0,0.0,1.0,0.000499875020830709,1.0,1.0,0.0,1.0,clutrr
37,husband-daughter #### daughter,100.0,0.0,1.0,1.0,0.0,1.0,0.000499875020830709,1.0,1.0,0.0,1.0,clutrr
38,sister-daughter-grandfather #### father,100.0,0.0,1.0,1.0,0.0,1.0,0.000499875020830709,1.0,1.0,0.0,1.0,clutrr
39,daughter-husband-daughter #### granddaughter,100.0,0.0,1.0,1.0,0.0,1.0,0.000499875020830709,1.0,1.0,0.0,1.0,clutrr
40,sister-daughter-grandfather #### father,100.0,0.0,1.0,1.0,0.0,1.0,0.000499875020830709,1.0,1.0,0.0,1.0,clutrr
41,husband-grandson-brother #### grandson,100.0,0.0,1.0,1.0,0.0,1.0,0.000499875020830709,1.0,1.0,0.0,1.0,clutrr
42,son-brother-grandfather #### father,100.0,0.0,1.0,1.0,0.0,1.0,0.000499875020830709,1.0,1.0,0.0,1.0,clutrr
43,daughter-husband-daughter #### granddaughter,100.0,0.0,1.0,1.0,0.0,1.0,0.000499875020830709,1.0,1.0,0.0,1.0,clutrr
44,son-brother-grandfather #### father,100.0,0.0,1.0,1.0,0.0,1.0,0.000499875020830709,1.0,1.0,0.0,1.0,clutrr
45,husband-grandson-brother #### grandson,100.0,0.0,1.0,1.0,0.0,1.0,0.000499875020830709,1.0,1.0,0.0,1.0,clutrr
46,wife-son-grandmother #### mother,100.0,0.0,1.0,1.0,0.0,1.0,0.000499875020830709,1.0,1.0,0.0,1.0,clutrr
47,son-brother-grandfather #### father,100.0,0.0,1.0,1.0,0.0,1.0,0.000499875020830709,1.0,1.0,0.0,1.0,clutrr
48,daughter-husband-daughter #### granddaughter,100.0,0.0,1.0,1.0,0.0,1.0,0.000499875020830709,1.0,1.0,0.0,1.0,clutrr
49,husband-grandson-brother #### grandson,100.0,0.0,1.0,1.0,0.0,1.0,0.000499875020830709,1.0,1.0,0.0,1.0,clutrr
0,#### 05/01/2021,100.0,0.0,0.0,0.0,0.0,1.0,0.0,0.0,0.0,0.0,1.0,date
1,#### 04/30/2021,100.0,0.0,0.0,0.0,0.0,1.0,0.0,0.0,0.0,0.0,1.0,date
2,#### 04/21/2021,100.0,0.0,0.0,0.0,0.0,1.0,0.0,0.0,0.0,0.0,1.0,date
3,#### 04/01/2021,100.0,0.0,0.0,0.0,0.0,1.0,0.0,0.0,0.0,0.0,1.0,date
4,#### 05/01/2020,100.0,0.0,0.0,0.0,0.0,1.0,0.0,0.0,0.0,0.0,1.0,date
5,#### 04/24/2021,100.0,0.0,0.0,0.0,0.0,1.0,0.0,0.0,0.0,0.0,1.0,date
6,#### 05/08/2021,100.0,0.0,0.0,0.0,0.0,1.0,0.0,0.0,0.0,0.0,1.0,date
7,#### 05/02/2021,100.0,0.0,0.0,0.0,0.0,1.0,0.0,0.0,0.0,0.0,1.0,date
8,#### 05/30/2021,100.0,0.0,0.0,0.0,0.0,1.0,0.0,0.0,0.0,0.0,1.0,date
9,#### 05/31/2021,100.0,0.0,0.0,0.0,0.0,1.0,0.0,0.0,0.0,0.0,1.0,date
10,#### 05/29/2021,100.0,0.0,0.0,0.0,0.0,1.0,0.0,0.0,0.0,0.0,1.0,date
11,#### 05/20/2021,100.0,0.0,0.0,0.0,0.0,1.0,0.0,0.0,0.0,0.0,1.0,date
12,#### 04/30/2021,100.0,0.0,0.0,0.0,0.0,1.0,0.0,0.0,0.0,0.0,1.0,date
13,#### 05/30/2020,100.0,0.0,0.0,0.0,0.0,1.0,0.0,0.0,0.0,0.0,1.0,date
14,#### 05/23/2021,100.0,0.0,0.0,0.0,0.0,1.0,0.0,0.0,0.0,0.0,1.0,date
15,#### 06/06/2021,100.0,0.0,0.0,0.0,0.0,1.0,0.0,0.0,0.0,0.0,1.0,date
16,#### 05/31/2021,100.0,0.0,0.0,0.0,0.0,1.0,0.0,0.0,0.0,0.0,1.0,date
17,#### 11/11/2019,100.0,0.0,0.0,0.0,0.0,1.0,0.0,0.0,0.0,0.0,1.0,date
18,#### 11/12/2019,100.0,0.0,0.0,0.0,0.0,1.0,0.0,0.0,0.0,0.0,1.0,date
19,#### 11/10/2019,100.0,0.0,0.0,0.0,0.0,1.0,0.0,0.0,0.0,0.0,1.0,date
20,#### 11/01/2019,100.0,0.0,0.0,0.0,0.0,1.0,0.0,0.0,0.0,0.0,1.0,date
21,#### 10/11/2019,100.0,0.0,0.0,0.0,0.0,1.0,0.0,0.0,0.0,0.0,1.0,date
22,#### 11/11/2018,100.0,0.0,0.0,0.0,0.0,1.0,0.0,0.0,0.0,0.0,1.0,date
23,#### 11/04/2019,100.0,0.0,0.0,0.0,0.0,1.0,0.0,0.0,0.0,0.0,1.0,date
24,#### 11/18/2019,100.0,0.0,0.0,0.0,0.0,1.0,0.0,0.0,0.0,0.0,1.0,date
25,#### 11/12/2019,100.0,0.0,0.0,0.0,0.0,1.0,0.0,0.0,0.0,0.0,1.0,date
26,#### 08/03/1997,100.0,0.0,0.0,0.0,0.0,1.0,0.0,0.0,0.0,0.0,1.0,date
27,#### 08/04/1997,100.0,0.0,0.0,0.0,0.0,1.0,0.0,0.0,0.0,0.0,1.0,date
28,#### 08/02/1997,100.0,0.0,0.0,0.0,0.0,1.0,0.0,0.0,0.0,0.0,1.0,date
29,#### 07/24/1997,100.0,0.0,0.0,0.0,0.0,1.0,0.0,0.0,0.0,0.0,1.0,date
30,#### 07/03/1997,100.0,0.0,0.0,0.0,0.0,1.0,0.0,0.0,0.0,0.0,1.0,date
31,#### 08/03/1996,100.0,0.0,0.0,0.0,0.0,1.0,0.0,0.0,0.0,0.0,1.0,date
32,#### 07/27/1997,100.0,0.0,0.0,0.0,0.0,1.0,0.0,0.0,0.0,0.0,1.0,date
33,#### 08/10/1997,100.0,0.0,0.0,0.0,0.0,1.0,0.0,0.0,0.0,0.0,1.0,date
34,#### 08/04/1997,100.0,0.0,0.0,0.0,0.0,1.0,0.0,0.0,0.0,0.0,1.0,date
35,#### 09/09/1909,100.0,0.0,0.0,0.0,0.0,1.0,0.0,0.0,0.0,0.0,1.0,date
36,#### 09/10/1909,100.0,0.0,0.0,0.0,0.0,1.0,0.0,0.0,0.0,0.0,1.0,date
37,#### 09/08/1909,100.0,0.0,0.0,0.0,0.0,1.0,0.0,0.0,0.0,0.0,1.0,date
38,#### 08/30/1909,100.0,0.0,0.0,0.0,0.0,1.0,0.0,0.0,0.0,0.0,1.0,date
39,#### 08/09/1909,100.0,0.0,0.0,0.0,0.0,1.0,0.0,0.0,0.0,0.0,1.0,date
40,#### 09/09/1908,100.0,0.0,0.0,0.0,0.0,1.0,0.0,0.0,0.0,0.0,1.0,date
41,#### 09/02/1909,100.0,0.0,0.0,0.0,0.0,1.0,0.0,0.0,0.0,0.0,1.0,date
42,#### 09/16/1909,100.0,0.0,0.0,0.0,0.0,1.0,0.0,0.0,0.0,0.0,1.0,date
43,#### 09/10/1909,100.0,0.0,0.0,0.0,0.0,1.0,0.0,0.0,0.0,0.0,1.0,date
44,#### 04/19/1969,100.0,0.0,0.0,0.0,0.0,1.0,0.0,0.0,0.0,0.0,1.0,date
45,#### 04/20/1969,100.0,0.0,0.0,0.0,0.0,1.0,0.0,0.0,0.0,0.0,1.0,date
46,#### 04/18/1969,100.0,0.0,0.0,0.0,0.0,1.0,0.0,0.0,0.0,0.0,1.0,date
47,#### 04/09/1969,100.0,0.0,0.0,0.0,0.0,1.0,0.0,0.0,0.0,0.0,1.0,date
48,#### 03/19/1969,100.0,0.0,0.0,0.0,0.0,1.0,0.0,0.0,0.0,0.0,1.0,date
49,#### 04/19/1968,100.0,0.0,0.0,0.0,0.0,1.0,0.0,0.0,0.0,0.0,1.0,date
0,"Janet sells 16 - 3 - 4 = <<16-3-4=9>>9 duck eggs a day.
She makes 9 * 2 = $<<9*2=18>>18 every day at the farmer’s market.
#### 18",100.0,0.8,0.6666666666666666,0.9,0.0,0.383224293337255,0.007471945180861583,0.20313960716091312,0.8666666666666667,2.615630577027551,6.128910243593915,gsm8k
1,"It takes 2/2=<<2/2=1>>1 bolt of white fiber
So the total amount of fabric is 2+1=<<2+1=3>>3 bolts of fabric
#### 3",100.0,0.9375,0.5625,0.8888888888888888,0.0,0.2650699754534338,0.007968085162939342,0.23056994223618238,0.6875,2.479955520544517,5.578802663749888,gsm8k
2,"The cost of the house and repairs came out to 80,000+50,000=$<<80000+50000=130000>>130,000
He increased the value of the house by 80,000*1.5=<<80000*1.5=120000>>120,000
So the new value of the house is 120,000+80,000=$<<120000+80000=200000>>200,000
So he made a profit of 200,000-130,000=$<<200000-130000=70000>>70,000
#### 70000",100.0,0.90625,0.375,0.75,0.0,0.29698939349985837,0.015872679944714863,0.2084099463591546,0.40625,2.7235342087618544,6.6048885084587745,gsm8k
3,"He sprints 3*3=<<3*3=9>>9 times
So he runs 9*60=<<9*60=540>>540 meters
#### 540",100.0,0.8571428571428572,0.5714285714285714,1.0,0.0,0.3394536660667255,0.003493882139585125,0.40149162409079436,0.7142857142857143,1.7478680974667578,3.358618886371043,gsm8k
4,"If each chicken eats 3 cups of feed per day, then for 20 chickens they would need 3*20=<<3*20=60>>60 cups of feed per day.
If she feeds the flock 15 cups of feed in the morning, and 25 cups in the afternoon, then the final meal would require 60-15-25=<<60-15-25=20>>20 cups of chicken feed.
#### 20",100.0,0.9347826086956522,0.5869565217391305,0.5925925925925926,0.0,0.2680944226154261,0.02273751622672293,0.16068358359094503,0.32608695652173914,3.0811026481532595,8.462609804567911,gsm8k
5,"The discount price of one glass is 60/100 * 5 = $<<60/100*5=3>>3.
If every second glass is cheaper, that means Kylar is going to buy 16 / 2 = <<16/2=8>>8 cheaper glasses.
So for the cheaper glasses, Kylar is going to pay 8 * 3 = $<<8*3=24>>24.
And for the regular-priced glasses, Kylar will pay 8 * 5 = $<<8*5=40>>40.
So in total Kylar needs to pay 24 + 40 = $<<24+40=64>>64 for the glasses he wants to buy.
#### 64",100.0,0.8867924528301887,0.5471698113207547,0.5517241379310345,0.0,0.3146106001798751,0.026151956164464973,0.15387086073131795,0.3018867924528302,3.155979172705133,8.913420528093614,gsm8k
6,"If Seattle has 20 sheep, Charleston has 4 * 20 sheep = <<20*4=80>>80 sheep
Toulouse has twice as many sheep as Charleston, which is 2 * 80 sheep = <<2*80=160>>160 sheep
Together, the three has 20 sheep + 160 sheep + 80 sheep = <<20+160+80=260>>260 sheep
#### 260",100.0,0.9642857142857143,0.6428571428571429,0.4444444444444444,0.0,0.23082936127582715,0.013902455737138109,0.2753873667347357,0.35714285714285715,2.2127896138659255,4.635707739759859,gsm8k
7,"First find how many gigabytes are in 40% of the file: 200 GB * 40% = <<200*40*.01=80>>80 GB
Then divide that number by the download rate to find the time until Windows restarts: 80 GB / 2 GB/minute = <<80/2=40>>40 minutes
Then find the time to download the whole file after the restart: 200 GB / 2 GB/minute = <<200/2=100>>100 minutes
Then add the time to download 40% of the file, to download the whole file, and to wait for Windows to update: 40 minutes + 100 minutes + 20 minutes = <<40+100+20=160>>160 minutes
#### 160",100.0,0.9705882352941176,0.5735294117647058,0.48717948717948717,0.07352941176470588,0.22092804904991536,0.03342849536249337,0.1499743721901938,0.29411764705882354,3.1613009280941364,8.946360711775167,gsm8k
8,"When he turned around he was 3*60=<<3*60=180>>180 miles from home
He was only able to drive 4-2=<<4-2=2>>2 hours in the first four hours
In half an hour he goes 30*.5=<<30*.5=15>>15 miles
He then drives another 2-.5=<<2-.5=1.5>>1.5 hours
In that time he goes 80*1.5=<<80*1.5=120>>120 miles
So he drove 120+15=<<120+15=135>>135 miles
So he is 180-135=<<180-135=45>>45 miles away from home
#### 45",100.0,0.8200000000000001,0.5,0.68,0.1,0.36835147304208576,0.024690087971667385,0.13409377584780469,0.42,3.1479056567637995,8.863679134765668,gsm8k
9,"Eliza is entitled to 45 -40 = <<45-40=5>>5 hours overtime pay.
Her hourly rate for the overtime pay is $10 x 1.2 = $<<10*1.2=12>>12.
So, Eliza will receive $12 x 5 =$<<12*5=60>>60 for overtime pay.
Her regular weekly earning is $10 x 40 = $<<10*40=400>>400.
Thus, Eliza will receive a total of $400 + $60 = $<<400+60=460>>460 for this week's work.
#### 460",100.0,0.8048780487804879,0.6097560975609756,0.64,0.0,0.37963190908723465,0.02029130352548214,0.15091962212777502,0.4146341463414634,3.1298183037924625,8.753247137339514,gsm8k
10,"The number of downloads of the program in the second month increased to 3*60 = <<3*60=180>>180
In the first two months, the total number of downloads of the program was 180+60 = <<180+60=240>>240
In the third month, the number of downloads of the program reduced by 30/100*180 = <<30/100*180=54>>54
There were 180-54 = <<180-54=126>>126 downloads in the third month.
In the three months, the total number of downloads of the program was 126+240 = <<126+240=366>>366
#### 366",100.0,0.9666666666666667,0.4666666666666667,0.4642857142857143,0.0,0.22721089587269092,0.029554466451491845,0.2372931009909213,0.16666666666666666,2.660917523818389,6.3243513711380235,gsm8k
11,"The total charge for the doughnuts was 3 x $68 = $<<3*68=204>>204.
The total charge for the mini cupcakes was 2 x $80 = $<<2*80=160>>160.
The total charge for the mini cheesecakes was 6 x $55 = $<<6*55=330>>330.
Therefore the total amount Toula paid for the pastries was $204 + $160 + $330 = $<<204+160+330=694>>694.
#### 694",100.0,0.8611111111111112,0.5555555555555556,0.6,0.0,0.33623831739969534,0.017838967641699233,0.24634111341575005,0.2222222222222222,2.4377124729003903,5.4178200383964095,gsm8k
12,"He makes $10.5 selling lemons each year because 7 x 1.5 = <<7*1.5=10.5>>10.5
He earns $7.5 each year from the lemon tree because 10.5 - 3 = <<10.5-3=7.5>>7.5
It will take 12 years to earn enough to pay off the tree because 90 / 7.5 = <<90/7.5=12>>12
He will make money in year 13 because 12 + 1 = <<12+1=13>>13
#### 13",100.0,0.6486486486486487,0.4864864864864865,0.8333333333333334,0.0,0.4887660650829057,0.018329925408208547,0.15045785745845178,0.4594594594594595,3.0955578320472608,8.547827726086947,gsm8k
13,"First multiply the five remaining vacuum cleaners by two to find out how many Melanie had before she visited the orange house: 5 * 2 = <<5*2=10>>10
Then add two to figure out how many vacuum cleaners she had before visiting the red house: 10 + 2 = <<10+2=12>>12
Now we know that 2/3 * x = 12, where x is the number of vacuum cleaners Melanie started with. We can find x by dividing each side of the equation by 2/3, which produces x = 18
#### 18",100.0,0.9714285714285714,0.5285714285714286,0.6756756756756757,0.2142857142857143,0.21952219380422947,0.03439458374243354,0.09118702297241044,0.37142857142857144,3.65561375206048,12.602287756559631,gsm8k
14,"There are 20 x 20/100 = <<20*20/100=4>>4 students who enrolled in contemporary dance.
So, 20 - 4 = <<20-4=16>>16 students are enrolled in either jazz or hip-hop dance.
There are 16 x 25/100 = <<16*25/100=4>>4 students who enrolled in jazz dance.
Hence, 16 - 4 = <<16-4=12>>12 students enrolled in hip-hop dance.
This is 12/20 x 100% = 60% of the entire students.
#### 60",100.0,0.8461538461538461,0.5641025641025641,0.4090909090909091,0.2564102564102564,0.34821339994905476,0.0193111048113338,0.2171473858243643,0.2564102564102564,2.7550160381558633,6.750601413725808,gsm8k
15,"If he purchases jewelry, he will make a profit of 2.5% which is $5000*(2.5/100) = $<<5000*(2.5/100)=125>>125
If he purchases electronic gadgets, he will make a profit of 1.2% which is $8000*(1.2/100) = $<<8000*(1.2/100)=96>>96
If he wants to maximize profit, since $125 > $96, he will choose to purchase jewelry, thereby making a profit of $<<125=125>>125
#### 125",100.0,0.8372093023255813,0.4418604651162791,0.6842105263157895,0.0,0.3552031981963494,0.021270522530852376,0.1815212028988454,0.20930232558139536,2.8822036531218287,7.372754165816289,gsm8k
16,"On the first day, the trains covered 2 trains * 80 miles/train = <<2*80=160>>160 miles together.
They also covered 150 miles/train * 2 trains = <<150*2=300>>300 miles together on the second day.
The combined distance the two trains covered in the two days is 300 miles + 160 miles = <<300+160=460>>460 miles
The average distance for the two days is 460 miles / 2 trains = <<460/2=230>>230 miles/train
#### 230",100.0,0.9333333333333333,0.6666666666666666,0.43333333333333335,0.0,0.26968351175578803,0.022248762806663658,0.23359375901805993,0.17777777777777778,2.6879354095546413,6.443905823853378,gsm8k
17,"First find the total amount Jill makes per week teaching: $20/hour * 35 hours/week = $<<20*35=700>>700/week
Then find the total amount Jill makes per week coaching: $30/hour * 15 hours/week = $<<30*15=450>>450/week
Then add those two amounts to find the total amount Jill makes per week: $700/week + $450/week = $<<700+450=1150>>1150/week
Then multiply that number by the number of weeks Jill works in a year to find her annual salary: $1150/week * 50 weeks/year = $<<1150*50=57500>>57,500
#### 57500",100.0,0.9811320754716981,0.6981132075471698,0.5405405405405406,0.0,0.20119542622303027,0.026151956164464973,0.13627238879692755,0.3584905660377358,3.2309873427652445,9.389103052222062,gsm8k
18,"She eats 3 eggs every day and there are 7 days in a week so she eats 3*7 = <<3*7=21>>21 eggs a week
After 4 weeks she will have eaten 4*21 = <<4*21=84>>84 eggs
There are 12 eggs in 1 dozen and she'll eat 84 eggs so that's 84/12 = <<84/12=7>>7 dozen eggs
#### 7",100.0,0.9736842105263158,0.47368421052631576,0.5555555555555556,0.0,0.2156294170196073,0.018820637757194003,0.17309667279116575,0.2631578947368421,2.8804181726230462,7.363635283488381,gsm8k
19,"First figure out how many hours it takes to hike a 12-mile trail at 4 mph by dividing the distance by the speed: 12 miles / 4 mph = <<12/4=3>>3 hours
Next subtract the time Marissa already spent walking to find out how much time she has left: 3 hours - 1 hour - 1 hour = <<3-1-1=1>>1 hour
Now figure out how much distance she has left by subtracting the distance she already traveled from the total distance: 12 miles - 4 miles - 2 miles = <<12-4-2=6>>6 miles
Now divide the remaining distance by the remaining time to find out how fast in miles per hour Marissa has to travel: 6 miles / 1 hour = <<6/1=6>>6 mph
#### 6",100.0,0.9893617021276596,0.6170212765957447,0.5344827586206896,0.2127659574468085,0.18039812769807193,0.04591260240962891,0.10913325369446922,0.24468085106382978,3.55300360984432,11.737096121316961,gsm8k
20,"There are 15 x 3/5 = <<15*3/5=9>>9 liters of water from the 15 liters pineapple drink.
After 1 liter of orange drink was spilled, there were 10 - 1 = <<10-1=9>>9 liters of orange drink left.
Out of the 9 liters, 9 x 2/3 = <<9*2/3=6>>6 liters are water.
Thus, there are a total of 9 + 6 = <<9+6=15>>15 liters of water out of the 24 liters.
#### 15",100.0,0.8913043478260869,0.5,0.4782608695652174,0.0,0.31063584670962563,0.02273751622672293,0.2077922579502161,0.2391304347826087,2.7877542334422314,6.905539993102834,gsm8k
21,"When Raymond's son was born Samantha was 23 - 6 = <<23-6=17>>17 years old.
Thus it has been 31 - 17 = <<31-17=14>>14 years since Raymond's son was born.
#### 14",100.0,0.8421052631578947,0.631578947368421,0.6666666666666666,0.2631578947368421,0.351391742630993,0.009455017557099543,0.25730689186572775,0.42105263157894735,2.4791224365093933,5.575582114930089,gsm8k
22,"His first 3 customers buy 3 * 1 = <<3*1=3>>3 DVDs.
His next 2 buy 2 * 2 = <<2*2=4>>4 DVDs.
He sells a total of 3 + 4 + 0 = <<3+4+0=7>>7 DVDs.
#### 7",100.0,0.7333333333333334,0.6666666666666666,0.7,0.0,0.4307085106794068,0.007471945180861583,0.2860184277889598,0.5333333333333333,2.3034884952192693,4.9364998906276,gsm8k
23,"The candle burns for 5 - 1 = <<5-1=4>>4 hours.
Thus, the candle will be 2 * 4 = <<2*4=8>>8 centimeters shorter.
#### 8",100.0,0.75,0.5833333333333334,0.8571428571428571,0.0,0.41905978419640516,0.005982035946064723,0.2839373213775556,0.6666666666666666,2.253857589601352,4.769564655840742,gsm8k
24,"Let X be the original price of the book. The discounted price is X - X*25% = $19.50.
Combining like terms, we get .75X = $19.50
Dividing both sides by .75, we get X = $26.
#### 26",100.0,0.7037037037037037,0.6296296296296297,0.7058823529411765,0.0,0.45118304890161115,0.013409283682267348,0.18515237776924784,0.5185185185185185,2.814359184750864,7.034067526310925,gsm8k
25,"Five packs of milk cost $3 x 5 = $<<3*5=15>>15.
Four apples cost $1.50 x 4 = $<<1.5*4=6>>6.
The total cost of the chicken meal, milk, and apples is $12 + $15 + $6 = $<<12+15+6=33>>33.
Thus, the boxes of pizza cost $50 - $33 = $<<50-33=17>>17.
Therefore, Marie ordered $17/$8.50 = <<17/8.5=2>>2 boxes of pizza.
#### 2",100.0,0.696969696969697,0.7272727272727273,0.6666666666666666,0.0,0.45580462134392163,0.01636462060932764,0.1961840176579684,0.36363636363636365,2.8505177566009374,7.212591702398019,gsm8k
26,"3 * (16.50 + 22.50 + 42) = $<<3*(16.50+22.50+42)=243>>243
Mishka spent $243 on clothing.
#### 243",74.60625000000003,0.0,0.75,1.0,0.0,1.0,0.001998001332666921,0.4721359549995794,1.0,1.3862943611198906,2.614063815405198,gsm8k
27,"Each container of ice cream has 15 servings and she eats 1 serving a night so after 60 days she will need 60/15 = 4 containers of ice cream
If each carton costs $4.00 and she needs 4 containers then it will cost her 4*4 = $<<4*4=16.00>>16.00
#### 16",100.0,0.8888888888888888,0.4722222222222222,0.8235294117647058,0.0,0.312771272649591,0.017838967641699233,0.13196074208169262,0.5277777777777778,3.2224106775160113,9.333451440128266,gsm8k
28,"He traveled 20 miles + 15 miles = <<20+15=35>>35 miles not counting the distance between stops.
Henry traveled 60 miles - 35 miles = <<60-35=25>>25 miles between his first and second stop.
#### 25",100.0,0.8636363636363636,0.6818181818181818,0.6,0.0,0.3341765538256181,0.010939721224631271,0.22055763901041175,0.5454545454545454,2.4763540198306746,5.564893276490741,gsm8k
29,"The second pair of heels costs 33 * 2 = $<<33*2=66>>66.
The heels together cost 66 + 33 = $<<66+33=99>>99.
The boots cost $5 more than both pairs of heels together, so the boots cost 99 + 5 = $104.
#### 104",100.0,0.8333333333333334,0.5833333333333334,0.5714285714285714,0.0,0.3581970477838151,0.011928287138069482,0.2708131845707603,0.3333333333333333,2.499064902854284,5.653188891121862,gsm8k
30,"The total ratio representing their ages is 7+11= <<7+11=18>>18
Since the fraction of the ratio that represents Allen's age is 11/18, Allen's current age is 11/18*162 = <<11/18*162=99>>99
If Allen is currently 99 years old, in 10 years he will be 99+10 = <<99+10=109>>109 years old
#### 109",100.0,0.9714285714285714,0.5714285714285714,0.65,0.0,0.21952219380422947,0.017347764334926796,0.16525256758954904,0.45714285714285713,2.995588886465064,7.975576949108583,gsm8k
31,"The second person guessed 60 because 20 + (80/2)= <<20+(80/2)=60>>60
The second guessed 100 because 80 x 1.25 = <<80*1.25=100>>100
The total amount guessed is 240 because 80 + 60 + 100 = <<80+60+100=240>>240
The average amount guessed is 80 because 240 / 3 = <<240/3=80>>80
#### 80",100.0,0.8636363636363636,0.5454545454545454,0.5833333333333334,0.0,0.3341765538256181,0.010939721224631271,0.3056642640192571,0.18181818181818182,2.145841752594754,4.425503957779839,gsm8k
32,"He spends 10*.5=<<10*.5=5>>5 hours per day
That means he spends 5*7=<<5*7=35>>35 hours per week
#### 35",100.0,0.75,0.75,0.6666666666666666,0.0,0.41905978419640516,0.005982035946064723,0.34243216259242865,0.3333333333333333,2.0228085294147036,4.063741207437946,gsm8k
33,"Let x be the number of silver coins Gretchen has
Gretchen has x+30 gold coins.
x+x+30=110
2*x=80
x=<<40=40>>40
Gretchen has 40+30=<<40+30=70>>70 gold coins
#### 70",100.0,0.8888888888888888,0.6666666666666666,0.5833333333333334,0.0,0.312771272649591,0.008959621227116354,0.30954796511533583,0.3888888888888889,2.2640492601665603,4.803377716290158,gsm8k
34,"Half of Raymond's jewels is 40/2 = <<40/2=20>>20
Since Aaron has 5 more jewels than half of Raymond's jewels, he has 20+5 = <<5+20=25>>25 jewels.
If Siobhan has 2 fewer jewels than Aaron, he has 25-2 = 23 jewels.
#### 23",100.0,0.8928571428571429,0.5357142857142857,0.4666666666666667,0.0,0.3092535890421971,0.013902455737138109,0.2536477267643487,0.21428571428571427,2.4531509235120885,5.476108090156367,gsm8k
35,"He scored 4*.25=<<4*.25=1>>1 point more in the second 20 minutes
So he scored 4+1=<<4+1=5>>5 points in the second 20 minutes
So in total, he scored 4+5=<<4+5=9>>9 points in the 40 minutes
#### 9",100.0,0.88,0.48,0.5,0.0,0.32048575012923963,0.012422199506118559,0.22258760123289154,0.12,2.3033795051939387,4.936126971257689,gsm8k
36,"He eats 2 yogurts a day so over 30 days he will need 2*30 = <<2*30=60>>60 yogurts
The yogurt is sold as 4 units for $5.00 and he needs 60 yogurts so that’s 60/4 = <<60/4=15>>15 4-packs
Each 4-pack is $5.00 and he needs 15 4-packs so he will spend $5*15 = $<<5*15=75.00>>75.00 on yogurt
#### 75",100.0,0.8648648648648649,0.3783783783783784,0.7142857142857143,0.0,0.3331689699514883,0.018329925408208547,0.15941088521728133,0.43243243243243246,3.0279358829204783,8.156418963685995,gsm8k
37,"He spent $160 on video games because 8 x 20 = <<8*20=160>>160
He earned $165 from his sale because 160 + 5 = <<160+5=165>>165
He sold 11 lego sets because 11 x 15 = <<11*15=165>>165
He has 2 sets left because 13 - 11 = <<13-11=2>>2
#### 2",100.0,0.9583333333333334,0.5,0.8333333333333334,0.0,0.23934588700996243,0.011928287138069482,0.21962732050649236,0.5,2.6004311798813244,6.064678552473747,gsm8k
38,"He has 7-1=<<7-1=6>>6 possible running days.
He runs half of those so he runs 6/2=<<6/2=3>>3 days.
So for two days, he runs 3/2=<<3/2=1.5>>1.5 hours.
So in total, he runs 3+1.5+1.5=<<3+1.5+1.5=6>>6 hours.
So he runs 60/6=<<60/6=10>>10 mph.
#### 10",100.0,0.6129032258064516,0.5161290322580645,0.5625,0.0,0.5130624270967513,0.015380493248267069,0.25439832301203025,0.3548387096774194,2.497695106125707,5.647823901033649,gsm8k
39,"If Dana can skip at half the speed she can run, then she can run at 3*2=<<3*2=6>>6 miles per hour.
And since she can run at a speed that is 4 times faster than she can walk, this means she can walk at 6/4=1.5 miles per hour.
If two-thirds of the time is spent walking, then she walks for 6*(2/3)=<<6*(2/3)=4>>4 hours.
If one-third of the time is spent running, then she runs for 6-4=<<6-4=2>>2 hours.
Thus, she runs for 2 hours at 6 miles per hour, or 2*6=<<2*6=12>>12 miles.
She walks for 4 hours at 1.5 miles per hour, or 4*1.5=<<4*1.5=6>>6 miles.
Thus, altogether, she travels 12+6=<<12+6=18>>18 miles.
#### 18",100.0,0.8723404255319149,0.5,0.48936170212765956,0.0,0.3269696182048876,0.04591260240962891,0.12056861515722465,0.1702127659574468,3.380689686928693,10.415712932501462,gsm8k
40,"Ben’s iPhone is 1*2 = <<1*2=2>>2 years old.
Brandon’s iPhone is 4*2 = <<4*2=8>>8 years old.
#### 8",100.0,0.75,0.6666666666666666,0.625,0.0,0.41905978419640516,0.005982035946064723,0.2927457454726344,0.16666666666666666,1.9072839993213795,3.751022714462933,gsm8k
41,"With the gemstone, Polly could throw the javelin 3 times farther than 400 feet, for a distance of 3*400=<<3*400=1200>>1200 feet.
1200 feet is beyond the 1000-foot reach of the dragon's flames by a distance of 1200-1000=<<1200-1000=200>>200 feet.
#### 200",100.0,0.9032258064516129,0.5483870967741935,0.7647058823529411,0.0,0.2998163700451765,0.015380493248267069,0.17230604989936382,0.5161290322580645,2.8804781568334294,7.363941454243913,gsm8k
42,"To start the evening, there were 5 pies, each with 8 pieces, which is 5*8=<<5*8=40>>40 pieces of pie.
If only 14 remained, then 40-14=<<40-14=26>>26 pieces of pie had been taken by guests.
#### 26",100.0,0.8888888888888888,0.4074074074074074,0.7272727272727273,0.0,0.312771272649591,0.013409283682267348,0.13856881132390575,0.7407407407407407,3.0710803627360295,8.404024470136715,gsm8k
43,"If the total calorie target is 2000 and I have consumed 1800 calories then I have 2000-1800 = <<2000-1800=200>>200 calories left to eat
If each serving of chips has 250 calories and I only have 200 calories left to eat, then I can only eat 200/250 of a serving = 4/5 of a serving
We also know that a 300g bag of chips has 5 servings, hence each serving has 300g/5 = <<300/5=60>>60 grams
If I can only eat 4/5 of a serving, then I can eat only 60g * 4/5 = 240g/5 = 48 grams
#### 48",100.0,0.9863013698630136,0.3972602739726027,0.5172413793103449,0.0,0.18901950031450043,0.03584190610367599,0.12848102516338103,0.1780821917808219,3.2449168612571646,9.480195832893935,gsm8k
44,"1 pound of beeswax and the wick make 10 candles and he wants to make 20 candles so he needs 20/10 = <<20/10=2>>2 pounds of beeswax
1 pound of beeswax costs $10.00 and he needs 2 pounds so his supplies will cost 10*2 = $<<10*2=20.00>>20.00
He wants to sell each candle for $2.00 each and he's selling 20 candles so that's 2*20 = $<<2*20=40.00>>40.00
If he makes $40.00 selling candles and his supplies cost $20.00 then his net profit is 40-20 = $<<40-20=20.00>>20.00
#### 20",100.0,0.819672131147541,0.4918032786885246,0.5666666666666667,0.0,0.3685985592290276,0.0300395679327895,0.12952227735227662,0.22950819672131148,3.268427718317006,9.635955414936122,gsm8k
45,"If she wrote five articles on Monday, then on Tuesday she wrote 2/5* 5 = 2 more articles.
The total number of articles she wrote on Tuesday is 5+2 = <<5+2=7>>7
On Wednesday, the number of articles was twice the number she wrote on Tuesday, so it was 2*7 = <<2*7=14>>14 articles.
Over the three days, she wrote 5+7 +14 = <<5+7+14=26>>26 articles.
If each article takes her 4 hours to research and write about, she spent 4*26 = <<4*26=104>>104 hours on all the articles.
#### 104",100.0,0.9253731343283582,0.47761194029850745,0.53125,0.0,0.27814441020409114,0.03294508876859714,0.12785149721241848,0.3582089552238806,3.259114783943905,9.57395340002443,gsm8k
46,"Let's let x be the number of post-it notes in the package that Candice purchased.
Then, the total number of post-it notes she had when she left the store was 80+x.
And if she used 220 Post-it notes at work and had 23 left, then 80+x=220+23
Subtracting 80 from each side of the equation, we see that x=220+23-80=<<220+23-80=163>>163 Post-it notes.
#### 163",100.0,0.92,0.44,0.7272727272727273,0.1,0.2836293149259645,0.024690087971667385,0.12389934309929541,0.42,3.3142609800981866,9.946996576488106,gsm8k
47,"He bought 200 / 40 = <<200/40=5>>5 blue ties
So he bought 5 * 2 = <<5*2=10>>10 red ties
Each red tie cost $40 * .5 = $<<40*.5=20>>20 more than blue ties
So they each cost $40 + $20 = $<<40+20=60>>60
So he spent $60 * 10 = $<<60*10=600>>600 on red ties
So he spent $200 + $600 = $<<200+600=800>>800 on ties
#### 800",100.0,0.90625,0.53125,0.4117647058823529,0.0,0.29698939349985837,0.015872679944714863,0.2138435046953262,0.125,2.504762543929311,5.67555919624762,gsm8k
48,"If Tracy used a piece of wire 4 feet long, since 1 foot is equal to 12 inches, the total length of the wire in inches was 12*4=<<12*4=48>>48 inches.
Since the wire was cut into pieces 6 inches long, Tracy obtained 48/6=<<48/6=8>>8 pieces
#### 8",100.0,0.9459459459459459,0.6486486486486487,0.625,0.0,0.2552471975479774,0.018329925408208547,0.15921048988952305,0.40540540540540543,3.058090416881858,8.32869474279524,gsm8k
49,"The total number of units in the building will be 8 units/floor * 15 floors = <<8*15=120>>120 units.
If 3/4 of the building is occupied, then the total number of occupied units is 3/4 * 120 units = <<3/4*120=90>>90 units.
The total number of unoccupied units is 120 units - 90 units = <<120-90=30>>30 units.
#### 30",100.0,0.8947368421052632,0.5526315789473685,0.3333333333333333,0.0,0.3075700558247649,0.018820637757194003,0.27984804108186834,0.18421052631578946,2.4263364880703646,5.375267261222365,gsm8k
0,#### 39,100.0,0.0,0.0,0.0,0.0,1.0,0.0,0.0,0.0,0.0,1.0,MultiArith
1,#### 8,100.0,0.0,0.0,0.0,0.0,1.0,0.0,0.0,0.0,0.0,1.0,MultiArith
2,#### 2,100.0,0.0,0.0,0.0,0.0,1.0,0.0,0.0,0.0,0.0,1.0,MultiArith
3,#### 40,100.0,0.0,0.0,0.0,0.0,1.0,0.0,0.0,0.0,0.0,1.0,MultiArith
4,#### 3,100.0,0.0,0.0,0.0,0.0,1.0,0.0,0.0,0.0,0.0,1.0,MultiArith
5,#### 7,100.0,0.0,0.0,0.0,0.0,1.0,0.0,0.0,0.0,0.0,1.0,MultiArith
6,#### 19,100.0,0.0,0.0,0.0,0.0,1.0,0.0,0.0,0.0,0.0,1.0,MultiArith
7,#### 2,100.0,0.0,0.0,0.0,0.0,1.0,0.0,0.0,0.0,0.0,1.0,MultiArith
8,#### 11,100.0,0.0,0.0,0.0,0.0,1.0,0.0,0.0,0.0,0.0,1.0,MultiArith
9,#### 1,100.0,0.0,0.0,0.0,0.0,1.0,0.0,0.0,0.0,0.0,1.0,MultiArith
10,#### 66,100.0,0.0,0.0,0.0,0.0,1.0,0.0,0.0,0.0,0.0,1.0,MultiArith
11,#### 9,100.0,0.0,0.0,0.0,0.0,1.0,0.0,0.0,0.0,0.0,1.0,MultiArith
12,#### 22,100.0,0.0,0.0,0.0,0.0,1.0,0.0,0.0,0.0,0.0,1.0,MultiArith
13,#### 2,100.0,0.0,0.0,0.0,0.0,1.0,0.0,0.0,0.0,0.0,1.0,MultiArith
14,#### 15,100.0,0.0,0.0,0.0,0.0,1.0,0.0,0.0,0.0,0.0,1.0,MultiArith
15,#### 2,100.0,0.0,0.0,0.0,0.0,1.0,0.0,0.0,0.0,0.0,1.0,MultiArith
16,#### 14,100.0,0.0,0.0,0.0,0.0,1.0,0.0,0.0,0.0,0.0,1.0,MultiArith
17,#### 86,100.0,0.0,0.0,0.0,0.0,1.0,0.0,0.0,0.0,0.0,1.0,MultiArith
18,#### 50,100.0,0.0,0.0,0.0,0.0,1.0,0.0,0.0,0.0,0.0,1.0,MultiArith
19,#### 25,100.0,0.0,0.0,0.0,0.0,1.0,0.0,0.0,0.0,0.0,1.0,MultiArith
20,#### 4,100.0,0.0,0.0,0.0,0.0,1.0,0.0,0.0,0.0,0.0,1.0,MultiArith
21,#### 68,100.0,0.0,0.0,0.0,0.0,1.0,0.0,0.0,0.0,0.0,1.0,MultiArith
22,#### 6,100.0,0.0,0.0,0.0,0.0,1.0,0.0,0.0,0.0,0.0,1.0,MultiArith
23,#### 19,100.0,0.0,0.0,0.0,0.0,1.0,0.0,0.0,0.0,0.0,1.0,MultiArith
24,#### 55,100.0,0.0,0.0,0.0,0.0,1.0,0.0,0.0,0.0,0.0,1.0,MultiArith
25,#### 34,100.0,0.0,0.0,0.0,0.0,1.0,0.0,0.0,0.0,0.0,1.0,MultiArith
26,#### 12,100.0,0.0,0.0,0.0,0.0,1.0,0.0,0.0,0.0,0.0,1.0,MultiArith
27,#### 16,100.0,0.0,0.0,0.0,0.0,1.0,0.0,0.0,0.0,0.0,1.0,MultiArith
28,#### 73,100.0,0.0,0.0,0.0,0.0,1.0,0.0,0.0,0.0,0.0,1.0,MultiArith
29,#### 17,100.0,0.0,0.0,0.0,0.0,1.0,0.0,0.0,0.0,0.0,1.0,MultiArith
30,#### 18,100.0,0.0,0.0,0.0,0.0,1.0,0.0,0.0,0.0,0.0,1.0,MultiArith
31,#### 41,100.0,0.0,0.0,0.0,0.0,1.0,0.0,0.0,0.0,0.0,1.0,MultiArith
32,#### 7,100.0,0.0,0.0,0.0,0.0,1.0,0.0,0.0,0.0,0.0,1.0,MultiArith
33,#### 36,100.0,0.0,0.0,0.0,0.0,1.0,0.0,0.0,0.0,0.0,1.0,MultiArith
34,#### 63,100.0,0.0,0.0,0.0,0.0,1.0,0.0,0.0,0.0,0.0,1.0,MultiArith
35,#### 13,100.0,0.0,0.0,0.0,0.0,1.0,0.0,0.0,0.0,0.0,1.0,MultiArith
36,#### 56,100.0,0.0,0.0,0.0,0.0,1.0,0.0,0.0,0.0,0.0,1.0,MultiArith
37,#### 15,100.0,0.0,0.0,0.0,0.0,1.0,0.0,0.0,0.0,0.0,1.0,MultiArith
38,#### 5,100.0,0.0,0.0,0.0,0.0,1.0,0.0,0.0,0.0,0.0,1.0,MultiArith
39,#### 24,100.0,0.0,0.0,0.0,0.0,1.0,0.0,0.0,0.0,0.0,1.0,MultiArith
40,#### 15,100.0,0.0,0.0,0.0,0.0,1.0,0.0,0.0,0.0,0.0,1.0,MultiArith
41,#### 14,100.0,0.0,0.0,0.0,0.0,1.0,0.0,0.0,0.0,0.0,1.0,MultiArith
42,#### 1,100.0,0.0,0.0,0.0,0.0,1.0,0.0,0.0,0.0,0.0,1.0,MultiArith
43,#### 1,100.0,0.0,0.0,0.0,0.0,1.0,0.0,0.0,0.0,0.0,1.0,MultiArith
44,#### 11,100.0,0.0,0.0,0.0,0.0,1.0,0.0,0.0,0.0,0.0,1.0,MultiArith
45,#### 16,100.0,0.0,0.0,0.0,0.0,1.0,0.0,0.0,0.0,0.0,1.0,MultiArith
46,#### 4,100.0,0.0,0.0,0.0,0.0,1.0,0.0,0.0,0.0,0.0,1.0,MultiArith
47,#### 7,100.0,0.0,0.0,0.0,0.0,1.0,0.0,0.0,0.0,0.0,1.0,MultiArith
48,#### 54,100.0,0.0,0.0,0.0,0.0,1.0,0.0,0.0,0.0,0.0,1.0,MultiArith
49,#### 15,100.0,0.0,0.0,0.0,0.0,1.0,0.0,0.0,0.0,0.0,1.0,MultiArith
0,1,100.0,0.0,0.0,0.0,0.0,1.0,0.0,0.0,0.0,0.0,1.0,QASports
1,1,100.0,0.0,0.0,0.0,0.0,1.0,0.0,0.0,0.0,0.0,1.0,QASports
2,1,100.0,0.0,0.0,0.0,0.0,1.0,0.0,0.0,0.0,0.0,1.0,QASports
3,0,100.0,0.0,0.0,0.0,0.0,1.0,0.0,0.0,0.0,0.0,1.0,QASports
4,0,100.0,0.0,0.0,0.0,0.0,1.0,0.0,0.0,0.0,0.0,1.0,QASports
5,1,100.0,0.0,0.0,0.0,0.0,1.0,0.0,0.0,0.0,0.0,1.0,QASports
6,1,100.0,0.0,0.0,0.0,0.0,1.0,0.0,0.0,0.0,0.0,1.0,QASports
7,0,100.0,0.0,0.0,0.0,0.0,1.0,0.0,0.0,0.0,0.0,1.0,QASports
8,1,100.0,0.0,0.0,0.0,0.0,1.0,0.0,0.0,0.0,0.0,1.0,QASports
9,0,100.0,0.0,0.0,0.0,0.0,1.0,0.0,0.0,0.0,0.0,1.0,QASports
10,0,100.0,0.0,0.0,0.0,0.0,1.0,0.0,0.0,0.0,0.0,1.0,QASports
11,0,100.0,0.0,0.0,0.0,0.0,1.0,0.0,0.0,0.0,0.0,1.0,QASports
12,0,100.0,0.0,0.0,0.0,0.0,1.0,0.0,0.0,0.0,0.0,1.0,QASports
13,1,100.0,0.0,0.0,0.0,0.0,1.0,0.0,0.0,0.0,0.0,1.0,QASports
14,0,100.0,0.0,0.0,0.0,0.0,1.0,0.0,0.0,0.0,0.0,1.0,QASports
15,1,100.0,0.0,0.0,0.0,0.0,1.0,0.0,0.0,0.0,0.0,1.0,QASports
16,0,100.0,0.0,0.0,0.0,0.0,1.0,0.0,0.0,0.0,0.0,1.0,QASports
17,1,100.0,0.0,0.0,0.0,0.0,1.0,0.0,0.0,0.0,0.0,1.0,QASports
18,0,100.0,0.0,0.0,0.0,0.0,1.0,0.0,0.0,0.0,0.0,1.0,QASports
19,0,100.0,0.0,0.0,0.0,0.0,1.0,0.0,0.0,0.0,0.0,1.0,QASports
20,1,100.0,0.0,0.0,0.0,0.0,1.0,0.0,0.0,0.0,0.0,1.0,QASports
21,0,100.0,0.0,0.0,0.0,0.0,1.0,0.0,0.0,0.0,0.0,1.0,QASports
22,0,100.0,0.0,0.0,0.0,0.0,1.0,0.0,0.0,0.0,0.0,1.0,QASports
23,0,100.0,0.0,0.0,0.0,0.0,1.0,0.0,0.0,0.0,0.0,1.0,QASports
24,1,100.0,0.0,0.0,0.0,0.0,1.0,0.0,0.0,0.0,0.0,1.0,QASports
25,1,100.0,0.0,0.0,0.0,0.0,1.0,0.0,0.0,0.0,0.0,1.0,QASports
26,0,100.0,0.0,0.0,0.0,0.0,1.0,0.0,0.0,0.0,0.0,1.0,QASports
27,1,100.0,0.0,0.0,0.0,0.0,1.0,0.0,0.0,0.0,0.0,1.0,QASports
28,0,100.0,0.0,0.0,0.0,0.0,1.0,0.0,0.0,0.0,0.0,1.0,QASports
29,1,100.0,0.0,0.0,0.0,0.0,1.0,0.0,0.0,0.0,0.0,1.0,QASports
30,1,100.0,0.0,0.0,0.0,0.0,1.0,0.0,0.0,0.0,0.0,1.0,QASports
31,1,100.0,0.0,0.0,0.0,0.0,1.0,0.0,0.0,0.0,0.0,1.0,QASports
32,0,100.0,0.0,0.0,0.0,0.0,1.0,0.0,0.0,0.0,0.0,1.0,QASports
33,1,100.0,0.0,0.0,0.0,0.0,1.0,0.0,0.0,0.0,0.0,1.0,QASports
34,1,100.0,0.0,0.0,0.0,0.0,1.0,0.0,0.0,0.0,0.0,1.0,QASports
35,1,100.0,0.0,0.0,0.0,0.0,1.0,0.0,0.0,0.0,0.0,1.0,QASports
36,0,100.0,0.0,0.0,0.0,0.0,1.0,0.0,0.0,0.0,0.0,1.0,QASports
37,1,100.0,0.0,0.0,0.0,0.0,1.0,0.0,0.0,0.0,0.0,1.0,QASports
38,1,100.0,0.0,0.0,0.0,0.0,1.0,0.0,0.0,0.0,0.0,1.0,QASports
39,1,100.0,0.0,0.0,0.0,0.0,1.0,0.0,0.0,0.0,0.0,1.0,QASports
40,1,100.0,0.0,0.0,0.0,0.0,1.0,0.0,0.0,0.0,0.0,1.0,QASports
41,1,100.0,0.0,0.0,0.0,0.0,1.0,0.0,0.0,0.0,0.0,1.0,QASports
42,1,100.0,0.0,0.0,0.0,0.0,1.0,0.0,0.0,0.0,0.0,1.0,QASports
43,0,100.0,0.0,0.0,0.0,0.0,1.0,0.0,0.0,0.0,0.0,1.0,QASports
44,1,100.0,0.0,0.0,0.0,0.0,1.0,0.0,0.0,0.0,0.0,1.0,QASports
45,1,100.0,0.0,0.0,0.0,0.0,1.0,0.0,0.0,0.0,0.0,1.0,QASports
46,1,100.0,0.0,0.0,0.0,0.0,1.0,0.0,0.0,0.0,0.0,1.0,QASports
47,1,100.0,0.0,0.0,0.0,0.0,1.0,0.0,0.0,0.0,0.0,1.0,QASports
48,0,100.0,0.0,0.0,0.0,0.0,1.0,0.0,0.0,0.0,0.0,1.0,QASports
49,1,100.0,0.0,0.0,0.0,0.0,1.0,0.0,0.0,0.0,0.0,1.0,QASports
0,"[""1. find(bowl)\n2. find(trash)\n3. find(user)\n4. find(table)\n5. find(counter)\n6. done().\n"", ""1. find(counter)\n2. find(table)\n3. find(you)\n4. find(trash)\n5. find(bowl)\n6. done().\n"", ""1. find(table)\n2. find(counter)\n3. find(user)\n4. find(trash)\n5. find(bowl)\n6. done().\n"", ""1. find(counter)\n2. find(table)\n3. find(user)\n4. find(trash)\n5. find(bowl)\n6. done().\n"", ""1. find(counter)\n2. find(table)\n3. find(bowl)\n4. find(trash)\n5. done().\n"", ""1. find(counter)\n2. find(table)\n3. find(trash)\n4. find(user)\n5. done().\n"", ""1. find(bowl)\n2. find(counter)\n3. find(table)\n4. find(trash)\n5. find(user)\n6. done().\n""]",100.0,0.34246575342465757,0.9863013698630136,0.09722222222222222,0.0,0.7045933134464772,0.03584190610367599,0.09052423413338397,0.0136986301369863,1.7059665633472754,3.262474359672464,saycan
1,"[""1. find(table)\n2. find(counter)\n3. done().\n""]",100.0,0.0,1.0,0.8,0.0,1.0,0.0024968776025399153,0.5467001677156801,0.6,1.3321790402101223,2.517826792990687,saycan
2,"[""1. find(rice chips)\n2. pick(rice chips)\n3. find(counter)\n4. put(rice chips)\n5. done().\n""]",100.0,0.41666666666666663,1.0,0.5833333333333334,0.0,0.6497740570065748,0.005982035946064723,0.43902914096755197,0.3333333333333333,1.8200759753606217,3.5309979300572856,saycan
3,"[""1. find(redbull)\n2. pick(redbull)\n3. find(counter)\n4. put(redbull)\n5. done().\n""]",100.0,0.2222222222222222,1.0,0.6666666666666666,0.0,0.7991596495645227,0.004489890170429445,0.48374908491941837,0.4444444444444444,1.6769877743224173,3.197596224244508,saycan
4,"[""1. find(jalapeno chips)\n2. pick(jalapeno chips)\n3. find(trash)\n4. put(jalapeno chips)\n5. done().\n""]",100.0,0.41666666666666663,1.0,0.5833333333333334,0.0,0.6497740570065748,0.005982035946064723,0.43902914096755197,0.3333333333333333,1.8200759753606217,3.5309979300572856,saycan
5,"[""1. find(coke)\n2. pick(coke)\n3. done().\n"", ""1. find(coke)\n2. pick(coke)\n3. hold(coke)\n4. done().\n""]",100.0,0.16666666666666663,1.0,0.4166666666666667,0.0,0.8457935950281179,0.005982035946064723,0.42436428169649243,0.08333333333333333,1.4677339293271525,2.7658711120574058,saycan
6,"[""1. find(coke)\n2. pick(coke)\n3. done().\n"", ""1. find(coke can)\n2. pick(coke can)\n3. done().\n"", ""1. find(coke)\n2. pick(coke)\n3. put(coke)\n4. done().\n""]",100.0,0.26315789473684215,0.8947368421052632,0.29411764705882354,0.0,0.7660594894556864,0.009455017557099543,0.3114213926323543,0.05263157894736842,1.6341665579811737,3.1040817601543975,saycan
7,"[""1. find(coke)\n2. pick(coke)\n3. done().\n"", ""1. find(coke)\n2. pick(coke)\n3. put(coke)\n4. done().\n""]",100.0,0.16666666666666663,1.0,0.4166666666666667,0.0,0.8457935950281179,0.005982035946064723,0.42436428169649243,0.08333333333333333,1.4677339293271525,2.7658711120574058,saycan
8,"[""1. find(rice chips)\n2. pick(rice chips)\n3. find(user)\n4. put(rice chips)\n5. done().\n"", ""1. find(kettle chips)\n2. pick(kettle chips)\n3. find(user)\n4. put(kettle chips)\n5. done().\n"", ""1. find(multigrain chips)\n2. pick(multigrain chips)\n3. find(user)\n4. put(multigrain chips)\n5. done().\n"", ""1. find(multigrain chip)\n2. pick(multigrain chip)\n3. find(user)\n4. put(multigrain chip)\n5. done().\n""]",100.0,0.47916666666666663,1.0,0.20833333333333334,0.0,0.6052077450909105,0.023714290242090708,0.13839388152831972,0.0,2.2205899542253027,4.6608398906900455,saycan
9,"[""1. find(rice chips)\n2. pick(rice chips)\n3. find(user)\n4. put(rice chips)\n5. done().\n"", ""1. find(kettle chips)\n2. pick(kettle chips)\n3. find(user)\n4. put(kettle chips)\n5. done().\n"", ""1. find(multigrain chips)\n2. pick(multigrain chips)\n3. find(user)\n4. put(multigrain chips)\n5. done().\n"", ""1. find(multigrain chip)\n2. pick(multigrain chip)\n3. find(user)\n4. put(multigrain chip)\n5. done().\n""]",100.0,0.47916666666666663,1.0,0.20833333333333334,0.0,0.6052077450909105,0.023714290242090708,0.13839388152831972,0.0,2.2205899542253027,4.6608398906900455,saycan
10,"[""1. find(jalapeno chips)\n2. pick(jalapeno chips)\n3. find(user)\n4. put(jalapeno chips)\n5. done().\n""]",100.0,0.41666666666666663,1.0,0.5833333333333334,0.0,0.6497740570065748,0.005982035946064723,0.43902914096755197,0.3333333333333333,1.8200759753606217,3.5309979300572856,saycan
11,"[""1. find(jalapeno chips)\n2. pick(jalapeno chips)\n3. find(user)\n4. put(jalapeno chips)\n5. done().\n"", ""1. find(jalapeño chips)\n2. pick(jalapeño chips)\n3. find(user)\n4. put(jalapeño chips)\n5. done().\n""]",100.0,0.45833333333333337,1.0,0.3333333333333333,0.0,0.6199226502736365,0.011928287138069482,0.2463473121650966,0.0,1.9933627705006074,3.9816399581184627,saycan
12,"[""1. find(jalapeno chips)\n2. pick(jalapeno chips)\n3. find(user)\n4. put(jalapeno chips)\n5. done().\n"", ""1. find(jalapeño chips)\n2. pick(jalapeño chips)\n3. find(user)\n4. put(jalapeño chips)\n5. done().\n""]",100.0,0.45833333333333337,1.0,0.3333333333333333,0.0,0.6199226502736365,0.011928287138069482,0.2463473121650966,0.0,1.9933627705006074,3.9816399581184627,saycan
13,"[""1. find(pepsi)\n2. pick(pepsi)\n3. find(user)\n4. put(pepsi)\n5. done().\n"", ""1. find(redbull)\n2. pick(redbull)\n3. find(user)\n4. put(redbull)\n5. done().\n"", ""1. find(water)\n2. pick(water)\n3. find(user)\n4. put(water)\n5. done().\n"", ""1. find(coke)\n2. pick(coke)\n3. find(user)\n4. put(coke)\n5. done().\n""]",100.0,0.3055555555555556,1.0,0.25,0.0,0.7327923249990304,0.017838967641699233,0.13605662613509065,0.0,2.139085894695714,4.404828637801963,saycan
14,"[""1. find(lime soda)\n2. pick(lime soda)\n3. find(user)\n4. put(lime soda)\n5. done().\n"", ""1. find(water)\n2. pick(water)\n3. find(user)\n4. put(water)\n5. done().\n"", ""1. find(grapefruit soda)\n2. pick(grapefruit soda)\n3. find(user)\n4. put(grapefruit soda)\n5. done().\n"", ""1. find(coke)\n2. pick(coke)\n3. find(user)\n4. put(coke)\n5. done().\n"", ""1. find(7up)\n2. pick(7up)\n3. find(user)\n4. put(7up)\n5. done().\n"", ""1. find(pepsi)\n2. pick(pepsi)\n3. find(user)\n4. put(pepsi)\n5. done().\n""]",100.0,0.3508771929824561,1.0,0.19298245614035087,0.0,0.6982589968844789,0.028097705853863397,0.1160515789083563,0.0,2.2877732291622817,4.883018450327471,saycan
15,"[""1. find(pepsi)\n2. pick(pepsi)\n3. find(user)\n4. put(pepsi)\n5. done().\n"", ""1. find(redbull)\n2. pick(redbull)\n3. find(user)\n4. put(redbull)\n5. done().\n"", ""1. find(coke)\n2. pick(coke)\n3. find(user)\n4. put(coke)\n5. done().\n"", ""1. find(tea)\n2. pick(tea)\n3. find(user)\n4. put(tea)\n5. done().\n""]",100.0,0.3055555555555556,1.0,0.25,0.0,0.7327923249990304,0.017838967641699233,0.13605662613509065,0.0,2.139085894695714,4.404828637801963,saycan
16,"[""1. find(redbull)\n2. pick(redbull)\n3. find(user)\n4. put(redbull)\n5. done().\n"", ""1. find(coke)\n2. pick(coke)\n3. find(user)\n4. put(coke)\n5. done().\n"", ""1. find(pepsi)\n2. pick(pepsi)\n3. find(user)\n4. put(pepsi)\n5. done().\n""]",100.0,0.2962962962962963,1.0,0.2962962962962963,0.0,0.7399745180450754,0.013409283682267348,0.1360007083391576,0.0,2.0431918705451206,4.121563923477822,saycan
17,"[""1. find(grapefruit soda)\n2. pick(grapefruit soda)\n3. find(user)\n4. put(grapefruit soda)\n5. done().\n"", ""1. find(pepsi)\n2. pick(pepsi)\n3. find(user)\n4. put(pepsi)\n5. done().\n"", ""1. find(lime soda)\n2. pick(lime soda)\n3. find(user)\n4. put(lime soda)\n5. done().\n"", ""1. find(7up)\n2. pick(7up)\n3. find(user)\n4. put(7up)\n5. done().\n""]",100.0,0.3589743589743589,1.0,0.23076923076923078,0.0,0.6921920221566494,0.0193111048113338,0.1396568613172897,0.0,2.1390921711363577,4.404847801038022,saycan
18,"[""1. find(lime soda)\n2. pick(lime soda)\n3. find(user)\n4. put(lime soda)\n5. done().\n"", ""1. find(7up)\n2. pick(7up)\n3. find(user)\n4. put(7up)\n5. done().\n"", ""1. find(grapefruit soda)\n2. pick(grapefruit soda)\n3. find(user)\n4. put(grapefruit soda)\n5. done().\n"", ""1. find(orange)\n2. pick(orange)\n3. find(user)\n4. put(orange)\n5. done().\n"", ""1. find(multigrain chips)\n2. pick(multigrain chips)\n3. find(user)\n4. put(multigrain chips)\n5. done().\n"", ""1. find(sponge)\n2. pick(sponge)\n3. find(user)\n4. put(sponge)\n5. done().\n"", ""1. find(energy bar)\n2. pick(energy bar)\n3. find(user)\n4. put(energy bar)\n5. done().\n"", ""1. find(jalapeno chips)\n2. pick(jalapeno chips)\n3. find(user)\n4. put(jalapeno chips)\n5. done().\n""]",100.0,0.41666666666666663,1.0,0.17857142857142858,0.0,0.6497740570065748,0.04113021942751549,0.10117931804311167,0.0,2.540681591124712,5.818638394800176,saycan
19,"[""1. find(orange)\n2. pick(orange)\n3. find(user)\n4. put(orange)\n5. done().\n""]",100.0,0.2222222222222222,1.0,0.6666666666666666,0.0,0.7991596495645227,0.004489890170429445,0.48374908491941837,0.4444444444444444,1.6769877743224173,3.197596224244508,saycan
20,"[""1. find(pepsi)\n2. pick(pepsi)\n3. find(user)\n4. put(pepsi)\n5. done().\n"", ""1. find(7up)\n2. pick(7up)\n3. find(user)\n4. put(7up)\n5. done().\n"", ""1. find(grapefruit soda)\n2. pick(grapefruit soda)\n3. find(user)\n4. put(grapefruit soda)\n5. done().\n""]",100.0,0.2962962962962963,1.0,0.2962962962962963,0.0,0.7399745180450754,0.013409283682267348,0.1360007083391576,0.0,2.0431918705451206,4.121563923477822,saycan
21,"[""1. find(pepsi)\n2. pick(pepsi)\n3. find(user)\n4. put(pepsi)\n5. done().\n"", ""1. find(7up)\n2. pick(7up)\n3. find(user)\n4. put(7up)\n5. done().\n"", ""1. find(grapefruit soda)\n2. pick(grapefruit soda)\n3. find(user)\n4. put(grapefruit soda)\n5. done().\n"", ""1. find(lime soda)\n2. pick(lime soda)\n3. find(user)\n4. put(lime soda)\n5. done().\n"", ""1. find(redbull)\n2. pick(redbull)\n3. find(user)\n4. put(redbull)\n5. done().\n""]",100.0,0.35416666666666663,1.0,0.20833333333333334,0.0,0.695790699707388,0.023714290242090708,0.12844756175566052,0.0,2.2222736471993887,4.6662824853429274,saycan
22,"[""1. find(7up)\n2. pick(7up)\n3. find(user)\n4. put(7up)\n5. done().\n"", ""1. find(grapefruit soda)\n2. pick(grapefruit soda)\n3. find(user)\n4. put(grapefruit soda)\n5. done().\n"", ""1. find(lime soda)\n2. pick(lime soda)\n3. find(user)\n4. put(lime soda)\n5. done().\n""]",100.0,0.3666666666666667,1.0,0.26666666666666666,0.0,0.6864556252339458,0.014888060396937353,0.14926472440977467,0.0,2.0253262207700677,4.0708391584562005,saycan
23,"[""1. find(water)\n2. pick(water)\n3. find(user)\n4. put(water)\n5. find(rice chips)\n6. pick(rice chips)\n7. find(user)\n8. put(rice chips)\n9. done().\n"",""1. find(7up)\n2. pick(7up)\n3. find(user)\n4. put(7up)\n5. find(kettle chips)\n6. pick(kettle chips)\n7. find(user)\n8. put(kettle chips)\n9. done().\n"", ""1. find(coke)\n2. pick(coke)\n3. find(user)\n4. put(coke)\n5. find(multigrain chips)\n6. pick(multigrain chips)\n7. find(user)\n8. put(multigrain chips)\n9. done().\n"", ""1. find(water)\n2. pick(water)\n3. find(user)\n4. put(water)\n5. find(apple)\n6. pick(apple)\n7. find(user)\n8. put(apple)\n9. done().\n"", ""1. find(water)\n2. pick(water)\n3. find(user)\n4. put(water)\n5. find(multigrain chips)\n6. pick(multigrain chips)\n7. find(user)\n8. put(multigrain chips)\n9. done().\n"", ""1. find(water)\n2. pick(water)\n3. find(user)\n4. put(water)\n5. find(jalapeno chips)\n6. pick(jalapeno chips)\n7. find(user)\n8. put(jalapeno chips)\n9. done().\n"", ""1. find(water)\n2. pick(water)\n3. find(user)\n4. put(water)\n5. find(energy bar)\n6. pick(energy bar)\n7. find(user)\n8. put(energy bar)\n9. done().\n"", ""1. find(pepsi)\n2. pick(pepsi)\n3. find(user)\n4. put(pepsi)\n5. find(apple)\n6. pick(apple)\n7. find(user)\n8. put(apple)\n9. done().\n"", ""1. find(jalapeno chips)\n2. pick(jalapeno chips)\n3. find(user)\n4. put(jalapeno chips)\n5. find(water)\n6. pick(water)\n7. find(user)\n8. put(water)\n9. done().\n"", ""1. find(orange)\n2. pick(orange)\n3. find(user)\n4. put(orange)\n5. find(grapefruit soda)\n6. pick(grapefruit soda)\n7. find(user)\n8. put(grapefruit soda)\n9. done().\n"", ""1. find(coke)\n2. pick(coke)\n3. find(user)\n4. put(coke)\n5. find(orange)\n6. pick(orange)\n7. find(user)\n8. put(orange)\n9. done().\n"", ""1. find(jalapeno chips)\n2. pick(jalapeno chips)\n3. find(user)\n4. put(jalapeno chips)\n5. find(coke)\n6. pick(coke)\n7. find(user)\n8. put(coke)\n9. done().\n"", ""1. find(pepsi)\n2. pick(pepsi)\n3. find(user)\n4. put(pepsi)\n5. find(multigrain chips)\n6. pick(multigrain chips)\n7. find(user)\n8. put(multigrain chips)\n9. done().\n""]",100.0,0.4717741935483871,1.0,0.07661290322580645,0.0,0.6104143688019579,0.1166201591172491,0.04282764620810416,0.0,2.5594276018924003,5.894737631825365,saycan
24,"[""1. find(orange)\n2. pick(orange)\n3. find(user)\n4. put(orange)\n5. done().\n""]",100.0,0.2222222222222222,1.0,0.6666666666666666,0.0,0.7991596495645227,0.004489890170429445,0.48374908491941837,0.4444444444444444,1.6769877743224173,3.197596224244508,saycan
25,"[""1. find(pepsi)\n2. pick(pepsi)\n3. find(user)\n4. put(pepsi)\n5. done().\n"", ""1. find(7up)\n2. pick(7up)\n3. find(user)\n4. put(7up)\n5. done().\n"", ""1. find(lime soda)\n2. pick(lime soda)\n3. find(user)\n4. put(lime soda)\n5. done().\n"", ""1. find(grapefruit soda)\n2. pick(grapefruit soda)\n3. find(user)\n4. put(grapefruit soda)\n5. done().\n""]",100.0,0.3589743589743589,1.0,0.23076923076923078,0.0,0.6921920221566494,0.0193111048113338,0.1396568613172897,0.0,2.1390921711363577,4.404847801038022,saycan
26,"[""1. find(lime soda)\n2. pick(lime soda)\n3. find(user)\n4. put(lime soda)\n5. find(redbull)\n6. pick(redbull)\n7. find(user)\n8. put(redbull)\n9. find(water)\n10. pick(water)\n11. find(user)\n12. put(water)\n13. done().\n"",""1. find(7up)\n2. pick(7up)\n3. find(user)\n4. put(7up)\n5. find(coke)\n6. pick(coke)\n7. find(user)\n8. put(coke)\n9. find(grapefruit soda)\n10. pick(grapefruit soda)\n11. find(user)\n12. put(grapefruit soda)\n13. done().\n"", ""1. find(water)\n2. pick(water)\n3. find(user)\n4. put(water)\n5. find(grapefruit soda)\n6. pick(grapefruit soda)\n7. find(user)\n8. put(grapefruit soda)\n9. find(table)\n10. find(energy bar)\n11. pick(energy bar)\n12. put(energy bar)\n13. find(redbull)\n14. pick(redbull)\n15. find(user)\n16. put(redbull)\n17. done().\n"", ""1. find(water)\n2. pick(water)\n3. find(user)\n4. put(water)\n5. find(coke)\n6. pick(coke)\n7. find(user)\n8. put(coke)\n9. find(pepsi)\n10. pick(pepsi)\n11. find(user)\n12. put(pepsi)\n13. done().\n"", ""1. find(water)\n2. pick(water)\n3. find(user)\n4. put(water)\n5. find(pepsi)\n6. pick(pepsi)\n7. find(user)\n8. put(pepsi)\n9. find(coke)\n10. pick(coke)\n11. find(user)\n12. put(coke)\n13. done().\n"", ""1. find(coke)\n2. pick(coke)\n3. find(user)\n4. put(coke)\n5. find(pepsi)\n6. pick(pepsi)\n7. find(user)\n8. put(pepsi)\n9. find(lime soda)\n10. pick(lime soda)\n11. find(user)\n12. put(lime soda)\n13. done"", ""1. find(water)\n2. pick(water)\n3. find(user)\n4. put(water)\n5. find(pepsi)\n6. pick(pepsi)\n7. find(user)\n8. put(pepsi)\n9. find(lime soda)\n10. pick(lime soda)\n11. find(user)\n12. put"", ""1. find(water)\n2. pick(water)\n3. find(user)\n4. put(water)\n5. find(pepsi)\n6. pick(pepsi)\n7. find(user)\n8. put(pepsi)\n9. find(lime soda)\n10. pick(lime soda)\n11. find(user)\n"", ""1. find(water)\n2. pick(water)\n3. find(user)\n4. put(water)\n5. find(7up)\n6. pick("", ""1. find(water)\n2. pick(water)\n3. find(user)\n4. put(water)\n5. find(7up)\n6. pick(7up)\n7. find(user)\n8. put(7up)\n9. find(coke)\n10. pick(coke)\n11. find(user)\n12. put(coke)\n13. done().\n"", ""1. find(water)\n2. pick(water)\n3. find(user)\n4. put(water)\n5. find(tea)\n6. pick(tea)\n7. find(user)\n8. put(tea)\n9. find(pepsi)\n10. pick(pepsi)\n11. find(user)\n12. put(pepsi)\n13. done().\n"", ""1. find(water)\n2. pick(water)\n3. find(user)\n4. put(water)\n5. find(pepsi)\n6. pick(pepsi)\n7. find(user)\n8. put(pepsi)\n9. find(tea)\n10. pick(tea)\n11. find(user)\n12. put(tea)\n13. done().\n"", ""1. find(lime soda)\n2. pick(lime soda)\n3. find(user)\n4. put(lime soda)\n5. find(grapefruit soda)\n6. pick(grapefruit soda)\n7. find(user)\n8. put(grapefruit soda)\n9. find(water)\n10. pick(water)\n11. find(user)\n12. put(water)\n13. done().\n"", ""1. find(water)\n2. pick(water)\n3. find(user)\n4. put(water)\n5. find(lime soda)\n6. pick(lime soda)\n7. find(user)\n8. put(lime soda)\n9. find(grapefruit soda)\n10. pick(grapefruit soda)\n11. find(user)\n12. put(grapefruit soda)\n13. done().\n"", ""1. find(water)\n2. pick(water)\n3. find(user)\n4. put(water)\n5. find(pepsi)\n6. pick(pepsi)\n7. find(user)\n8. put(pepsi)\n9. find(grapefruit soda)\n10. pick(grapefruit soda)\n11. find(user)\n12. put(grapefruit soda)\n13. done().\n"", ""1. find(pepsi)\n2. pick(pepsi)\n3. find(user)\n4. put(pepsi)\n5. find(lime soda)\n6. pick(lime soda)\n7. find(user)\n8. put(lime soda)\n9. find(coke)\n10. pick(coke)\n11. find(user)\n12. put(coke)\n13. done().\n"", ""1. find(lime soda)\n2. pick(lime soda)\n3. find(user)\n4. put(lime soda)\n5. find(water)\n6. pick(water)\n7. find(user)\n8. put(water)\n9. find(coke)\n10. pick(coke)\n11. find(user)\n12. put(coke)\n13. done().\n"", ""1. find(water)\n2. pick(water)\n3. find(user)\n4. put(water)\n5. find(coke)\n6. pick(coke)\n7. find(user)\n8. put(coke)\n9. find(lime soda)\n10. pick(lime soda)\n11. find(user)\n12. put(lime soda)\n13. done().\n"", ""1. find(water)\n2. pick(water)\n3. find(user)\n4. put(water)\n5. find(pepsi)\n6. pick(pepsi)\n7. find(user)\n8. put(pepsi)\n9. find(lime soda)\n10. pick(lime soda)\n11. find(user)\n12. put(lime soda)\n13. done().\n""]",100.0,0.48906560636182905,1.0,0.03180914512922465,0.0,0.5982599900602359,0.22236654239023246,0.012947817691662767,0.0019880715705765406,2.368322676554463,5.163404691863677,saycan
27,"[""1. find(7up)\n2. pick(7up)\n3. find(trash)\n4. put(7up)\n5. done().\n"",""1. find(trash)\n2. find(7up)\n3. pick(7up)\n4. find(trash)\n5. put(7up)\n6. done().""]",100.0,0.0,1.0,0.35714285714285715,0.0,1.0,0.0069755570667648925,0.3585701736362872,0.0,1.5317780787913655,2.8914197849508905,saycan
28,"[""1. find(water)\n2. pick(water)\n3. find(counter)\n4. put(water)\n5. find(kettle chips)\n6. pick(kettle chips)\n7. find(counter)\n8. put(kettle chips)\n9. done().\n"", ""1. find(kettle chips)\n2. pick(kettle chips)\n3. find(counter)\n4. put(kettle chips)\n5. find(water)\n6. pick(water)\n7. find(counter)\n8. put(water)\n9. done().\n"", ""1. find(water)\n2. pick(water)\n3. find(counter)\n4. put(water)\n5. find(rice chips)\n6. pick(rice chips)\n7. find(counter)\n8. put(rice chips)\n9. done().\n"", ""1. find(chips)\n2. pick(chips)\n3. find(counter)\n4. put(chips)\n5. find(water)\n6. pick(water)\n7. find(counter)\n8. put(water)\n9. done().\n"", ""1. find(multigrain chips)\n2. pick(multigrain chips)\n3. find(counter)\n4. put(multigrain chips)\n5. find(water)\n6. pick(water)\n7. find(counter)\n8. put(water)\n9. done().\n"", ""1. find(multigrain chips)\n2. pick(multigrain chips)\n3. find(counter)\n4. put(multigrain chips)\n5. find(water bottle)\n6. pick(water bottle)\n7. find(counter)\n8. put(water bottle)\n9. done().\n""]",100.0,0.4916666666666667,1.0,0.09166666666666666,0.0,0.5964388264962346,0.05823546641575128,0.06855332715194273,0.0,2.2156029195895934,4.644756351466648,saycan
29,"[""1. find(water)\n2. pick(water)\n3. find(counter)\n4. put(water)\n5. find(energy bar)\n6. pick(energy bar)\n7. find(counter)\n8. put(energy bar)\n9. done().\n"", ""1. find(energy bar)\n2. pick(energy bar)\n3. find(counter)\n4. put(energy bar)\n5. find(water)\n6. pick(water)\n7. find(counter)\n8. put(water)\n9. done().\n""]",100.0,0.475,1.0,0.2,0.0,0.6081404403254683,0.019801326693244747,0.1381216998266713,0.0,2.01615371726138,4.045039294068062,saycan
30,"[""1. find(pepsi)\n2. pick(pepsi)\n3. find(user)\n4. put(pepsi)\n5. find(grapefruit soda)\n6. pick(grapefruit soda)\n7. find(user)\n8. put(grapefruit soda)\n9. done().\n"", ""1. find(coke)\n2. pick(coke)\n3. find(user)\n4. put(coke)\n5. find(pepsi)\n6. pick(pepsi)\n7. find(user)\n8. put(pepsi)\n9. done().\n"", ""1. find(pepsi)\n2. pick(pepsi)\n3. find(user)\n4. put(pepsi)\n5. find(coke)\n6. pick(coke)\n7. find(user)\n8. put(coke)\n9. done().\n"", ""1. find(lime soda)\n2. pick(lime soda)\n3. find(user)\n4. put(lime soda)\n5. find(grapefruit soda)\n6. pick(grapefruit soda)\n7. find(user)\n8. put(grapefruit soda)\n9. done().\n""]",100.0,0.4675324675324676,1.0,0.12987012987012986,0.0,0.6134091152296239,0.03776829526018244,0.08549740789151251,0.0,2.2118549427702416,4.632705401317814,saycan
31,"[""1. find(7up)\n2. pick(7up)\n3. find(user)\n4. put(7up)\n5. find(tea)\n6. pick(tea)\n7. find(user)\n8. put(tea)\n9. done().\n"", ""1. find(tea)\n2. pick(tea)\n3. find(user)\n4. put(tea)\n5. find(7up)\n6. pick(7up)\n7. find(user)\n8. put(7up)\n9. done().\n""]",100.0,0.25,1.0,0.21428571428571427,0.0,0.7765892073778534,0.013902455737138109,0.20958928989037212,0.0,1.7104932300550042,3.2727269262166896,saycan
32,"[""1. find(kettle chips)\n2. pick(kettle chips)\n3. find(trash)\n4. put(kettle chips)\n5. done().\n"", ""1. find(rice chips)\n2. pick(rice chips)\n3. find(trash)\n4. put(rice chips)\n5. done().\n"", ""1. find(multigrain chips)\n2. pick(multigrain chips)\n3. find(trash)\n4. put(multigrain chips)\n5. done().\n""]",100.0,0.4722222222222222,1.0,0.25,0.0,0.6100983630068733,0.017838967641699233,0.13922898797902752,0.0,2.094729047527649,4.271459334322993,saycan
33,"[""1. find(jalapeno chips)\n2. pick(jalapeno chips)\n3. find(trash)\n4. put(jalapeno chips)\n5. done().\n""]",100.0,0.41666666666666663,1.0,0.5833333333333334,0.0,0.6497740570065748,0.005982035946064723,0.43902914096755197,0.3333333333333333,1.8200759753606217,3.5309979300572856,saycan
34,"[""1. find(coke)\n2. pick(coke)\n3. find(trash)\n4. put(coke)\n5. find(sponge)\n6. pick(sponge)\n7. find(user)\n8. put(sponge)\n9. done().\n"", ""1. find(coke)\n2. pick(coke)\n3. find(trash)\n4. put(coke)\n5. find(sponge)\n6. pick(sponge)\n7. find(table)\n8. put(sponge)\n9. done().\n""]",100.0,0.38235294117647056,1.0,0.2647058823529412,0.0,0.6748375607600267,0.016856315365090357,0.19570967844625076,0.058823529411764705,1.996960831222801,3.991582504147869,saycan
35,"[""1. find(coke)\n2. pick(coke)\n3. find(trash)\n4. put(coke)\n5. find(sponge)\n6. pick(sponge)\n7. find(user)\n8. put(sponge)\n9. done().\n"", ""1. find(coke)\n2. pick(coke)\n3. find(trash)\n4. put(coke)\n5. find(sponge)\n6. pick(sponge)\n7. find(table)\n8. put(sponge)\n9. done().\n""]",100.0,0.38235294117647056,1.0,0.2647058823529412,0.0,0.6748375607600267,0.016856315365090357,0.19570967844625076,0.058823529411764705,1.996960831222801,3.991582504147869,saycan
36,"[""1. find(water)\n2. pick(water)\n3. find(trash)\n4. put(water)\n5. find(sponge)\n6. pick(sponge)\n7. find(user)\n8. put(sponge)\n9. find(coke)\n10. pick(coke)\n11. find(trash)\n12. put(coke)\n13. find(apple)\n14. pick(apple)\n15. find(trash)\n16. put(apple)\n17. done().\n"", ""1. find(coke)\n2. pick(coke)\n3. find(trash)\n4. put(coke)\n5. find(apple)\n6. pick(apple)\n7. find(trash)\n8. put(apple)\n9. find(water)\n10. pick(water)\n11. find(trash)\n12. put(water)\n13. find(sponge)\n14. pick(sponge)"", ""1. find(coke)\n2. pick(coke)\n3. find(trash)\n4. put(coke)\n5. find(apple)\n6. pick(apple)\n7. find(trash)\n8. put(apple)\n9. find(water)\n10. pick(water)\n11. find(trash)\n12. put(water)\n13. find(sponge)\n14. pick(sponge)\n1"", ""1. find(coke)\n2. pick(coke)\n3. find(trash)\n4. put(coke)\n5. find(apple)\n6. pick(apple)\n7. find(trash)\n8. put(apple)\n9. find(water)\n10. pick(water)\n11. find(trash)\n12. put(water)\n13. find(sponge)\n14. pick(sponge)\n15. find(table)\n16. put(sponge)\n17. done()."", ""1. find(coke)\n2. pick(coke)\n3. find(trash)\n4. put(coke)\n5. find(apple)\n6. pick(apple)\n7. find(trash)\n8. put(apple)\n9. find(water)\n10. pick(water)\n11. find(trash)\n12. put(water)\n13. find(sponge)\n14. pick(sponge)\n15. find(user)\n16. put(sponge)\n17. done()."", ""1. find(apple)\n2. pick(apple)\n3. find(trash)\n4. put(apple)\n5. find(water)\n6. pick(water)\n7. find(trash)\n8. put(water)\n9. find(sponge)\n10. pick(sponge)\n11. find(table)\n12. put(sponge)\n13.\n"", ""1. find(coke)\n2. pick(coke)\n3. find(trash)\n4. put(coke)\n5. find(apple)\n6. pick(apple)\n7. find(trash)\n8. put(apple)\n9. find(water)\n10. pick(water)\n11. find(trash)\n12. put(water)\n13. find(sponge)\n14. pick(sponge)\n15. find(table)\n16. put(sponge)\n17. done().\n"", ""1. find(coke)\n2. pick(coke)\n3. find(trash)\n4. put(coke)\n5. find(apple)\n6. pick(apple)\n7. find(trash)\n8. put(apple)\n9. find(trash)\n10. put(water)\n11. find(sponge)\n12. pick(sponge)\n13. find(table)\n14. put(sponge)\n15. done().\n"", ""1. find(coke)\n2. pick(coke)\n3. find(trash)\n4. put(coke)\n5. find(apple)\n6. pick(apple)\n7. find(trash)\n8. put(apple)\n9. find(water)\n10. pick(water)\n11. find(trash)\n12. put(water)\n13. find(sponge)\n14. pick(sponge)\n15. find(user)\n16. put(sponge)\n17. done().\n"", ""1. find(water)\n2. pick(water)\n3. find(trash)\n4. put(water)\n5. find(sponge)\n6. pick(sponge)\n7. find(table)\n8. put(sponge)\n9. find(coke)\n10. pick(coke)\n11. find(trash)\n12. put(coke)\n13. find(apple)\n14. pick(apple)\n15. find(trash)\n16. put(apple)\n17. done().""]",100.0,0.4592833876221498,1.0,0.035830618892508145,0.0,0.6192487430776453,0.1422992358011721,0.01688893566734977,0.0,2.1571839322920012,4.460433508918098,saycan
37,"[""1. find(water)\n2. pick(water)\n3. find(trash)\n4. put(water)\n5. find(sponge)\n6. pick(sponge)\n7. find(user)\n8. put(sponge)\n9. find(coke)\n10. pick(coke)\n11. find(trash)\n12. put(coke)\n13. find(apple)\n14. pick(apple)\n15. find(trash)\n16. put(apple)\n17. done().\n"", ""1. find(coke)\n2. pick(coke)\n3. find(trash)\n4. put(coke)\n5. find(apple)\n6. pick(apple)\n7. find(trash)\n8. put(apple)\n9. find(water)\n10. pick(water)\n11. find(trash)\n12. put(water)\n13. find(sponge)\n14. pick(sponge)"", ""1. find(coke)\n2. pick(coke)\n3. find(trash)\n4. put(coke)\n5. find(apple)\n6. pick(apple)\n7. find(trash)\n8. put(apple)\n9. find(water)\n10. pick(water)\n11. find(trash)\n12. put(water)"", ""1. find(coke)\n2. pick(coke)\n3. find(trash)\n4. put(coke)\n5. find(apple)\n6. pick(apple)\n7. find(trash)\n8. put(apple)\n9. find(water)\n10. pick(water)\n11. find(trash)\n12. put(water)\n13. find(sponge)\n14. pick(sponge)\n15. find(user)\n16. put(sponge)\n17. done()."", ""1. find(coke)\n2. pick(coke)\n3. find(trash)\n4. put(coke)\n5. find(apple)\n6. pick(apple)\n7. find(trash)\n8. put(apple)\n9. find(water)\n10. pick(water)\n11. find(trash)\n12. put(water)\n13. find(sponge),\n"", ""1. find(coke)\n2. pick(coke)\n3. find(trash)\n4. put(coke)\n5. find(apple)\n6. pick(apple)\n7. find(trash)\n8. put(apple)\n9. find(water)\n10. pick(water)\n11. find(trash)\n12. put(water)\n13. find(sponge)\n14. pick(sponge)\n15. find(user)\n16. put(sponge)\n17. done().\n"", ""1. find(coke)\n2. pick(coke)\n3. find(trash)\n4. put(coke)\n5. find(water)\n6. pick(water)\n7. find(trash)\n8. put(water)\n9. find(apple)\n10. pick(apple)\n11. find(trash)\n12. put(apple)\n13. find(sponge)\n14. pick(sponge)\n15. find(user)\n16. put(sponge)\n17. done().\n""]",100.0,0.4666666666666667,1.0,0.047619047619047616,0.0,0.6140210505540812,0.09967547741373439,0.026178286801518763,0.0,2.11806909428529,4.3411253899356925,saycan
38,"[""1. find(apple)\n2. pick(apple)\n3. find(trash)\n4. put(apple)\n5. done().\n""]",100.0,0.2222222222222222,1.0,0.6666666666666666,0.0,0.7991596495645227,0.004489890170429445,0.48374908491941837,0.4444444444444444,1.6769877743224173,3.197596224244508,saycan
39,"[""1. find(coke)\n2. pick(coke)\n3. find(counter)\n4. put(coke)\n5. done()."", ""1. find(table)\n2. put(coke)\n3. done().\n"", ""1. find(coke)\n2. put(coke)\n3. done().\n"", ""1. find(coke)\n2. pick(coke)\n3. put(coke)\n4. done().\n"", ""1. put(coke)\n2. done().\n""]",100.0,0.2068965517241379,1.0,0.2413793103448276,0.0,0.8118190369195789,0.014395381267617635,0.1822886430667088,0.06896551724137931,1.6930298307598586,3.2333503308621254,saycan
40,"[""1. find(pepsi)\n2. pick(pepsi)\n3. find(user)\n4. put(pepsi)\n5. done().\n"", ""1. find(open pepsi)\n2. pick(open pepsi)\n3. find(user)\n4. put(open pepsi)\n5. done().\n""]",100.0,0.38095238095238093,1.0,0.3333333333333333,0.0,0.6758706368346461,0.010445067432100719,0.28579762564883776,0.0,1.8475344105647664,3.598846104916633,saycan
41,"[""1. find(coke)\n2. pick(coke)\n3. find(user)\n4. put(coke)\n5. done().\n"", ""1. find(pepsi)\n2. pick(pepsi)\n3. find(user)\n4. put(pepsi)\n5. done().\n""]",100.0,0.2777777777777778,1.0,0.3888888888888889,0.0,0.7544764594834699,0.008959621227116354,0.2402530733520421,0.0,1.908036834509066,3.7529806048898844,saycan
42,"[""1. find(sponge)\n2. pick(sponge)\n3. find(user)\n4. put(sponge)\n5. done().\n"", ""1. find(sponge)\n2. pick(sponge)\n3. find(user)\n4. pick(sponge)\n5. done().\n""]",100.0,0.2777777777777778,1.0,0.3333333333333333,0.0,0.7544764594834699,0.008959621227116354,0.40609234937445693,0.05555555555555555,1.6479184330021646,3.1338115635554398,saycan
43,"[""1. find(apple)\n2. pick(apple)\n3. find(user)\n4. put(apple)\n5. done().\n"", ""1. find(orange)\n2. pick(orange)\n3. find(user)\n4. put(orange)\n5. done().\n"", ""1. find(orange)\n2. pick(orange)\n3. find(user)\n4. put(orange)\n5. find(apple)\n6. pick(apple)\n7. find(user)\n8. put(apple)\n9. done().\n""]",100.0,0.34285714285714286,1.0,0.2,0.0,0.704297842434203,0.017347764334926796,0.1639607805437114,0.0,1.8962619139574601,3.7224743657873463,saycan
44,"[""1. find(redbull)\n2. pick(redbull)\n3. find(user)\n4. put(redbull)\n5. done().\n""]",100.0,0.2222222222222222,1.0,0.6666666666666666,0.0,0.7991596495645227,0.004489890170429445,0.48374908491941837,0.4444444444444444,1.6769877743224173,3.197596224244508,saycan
45,"[""1. find(coke)\n2. pick(coke)\n3. find(user)\n4. put(coke)\n5. done().\n"", ""1. find(coke can)\n2. pick(coke can)\n3. find(user)\n4. put(coke can)\n5. done().\n""]",100.0,0.38095238095238093,0.8571428571428571,0.3333333333333333,0.0,0.6758706368346461,0.010445067432100719,0.28579762564883776,0.0,1.8475344105647664,3.598846104916633,saycan
46,"[""1. find(pepsi)\n2. pick(pepsi)\n3. find(table)\n4. put(pepsi)\n5. done().\n""]",100.0,0.2222222222222222,1.0,0.6666666666666666,0.0,0.7991596495645227,0.004489890170429445,0.48374908491941837,0.4444444444444444,1.6769877743224173,3.197596224244508,saycan
47,"[""1. find(pepsi)\n2. pick(pepsi)\n3. find(table)\n4. put(pepsi)\n5. done().\n""]",100.0,0.2222222222222222,1.0,0.6666666666666666,0.0,0.7991596495645227,0.004489890170429445,0.48374908491941837,0.4444444444444444,1.6769877743224173,3.197596224244508,saycan
48,"[""1. find(coke)\n2. pick(coke)\n3. find(counter)\n4. put(coke)\n5. done().\n"", ""1. find(coke can)\n2. pick(coke can)\n3. find(counter)\n4. put(coke can)\n5. done().\n""]",100.0,0.38095238095238093,0.8571428571428571,0.3333333333333333,0.0,0.6758706368346461,0.010445067432100719,0.28579762564883776,0.0,1.8475344105647664,3.598846104916633,saycan
49,"[""1. find(energy bar)\n2. pick(energy bar)\n3. find(table)\n4. put(energy bar)\n5. find(water)\n6. pick(water)\n7. find(table)\n8. put(water)\n9. done().\n"", ""1. find(energy bar)\n2. pick(energy bar)\n3. find(table)\n4. put(energy bar)\n5. find(water bottle)\n6. pick(water bottle)\n7. find(table)\n8. put(water bottle)\n9. done().\n"", ""1. find(water)\n2. pick(water)\n3. find(table)\n4. put(water)\n5. find(energy bar)\n6. pick(energy bar)\n7. find(table)\n8. put(energy bar)\n9. done().\n""]",100.0,0.5079365079365079,1.0,0.14285714285714285,0.0,0.5850870022527945,0.03100904354626033,0.10171118008217982,0.0,2.1115904793495073,4.3216746917317375,saycan
0,True,100.0,0.0,1.0,1.0,0.0,1.0,0.000499875020830709,1.0,1.0,0.0,1.0,StrategyQA
1,False,100.0,0.0,1.0,1.0,0.0,1.0,0.000499875020830709,1.0,1.0,0.0,1.0,StrategyQA
2,False,100.0,0.0,1.0,1.0,0.0,1.0,0.000499875020830709,1.0,1.0,0.0,1.0,StrategyQA
3,True,100.0,0.0,1.0,1.0,0.0,1.0,0.000499875020830709,1.0,1.0,0.0,1.0,StrategyQA
4,False,100.0,0.0,1.0,1.0,0.0,1.0,0.000499875020830709,1.0,1.0,0.0,1.0,StrategyQA
5,False,100.0,0.0,1.0,1.0,0.0,1.0,0.000499875020830709,1.0,1.0,0.0,1.0,StrategyQA
6,False,100.0,0.0,1.0,1.0,0.0,1.0,0.000499875020830709,1.0,1.0,0.0,1.0,StrategyQA
7,True,100.0,0.0,1.0,1.0,0.0,1.0,0.000499875020830709,1.0,1.0,0.0,1.0,StrategyQA
8,False,100.0,0.0,1.0,1.0,0.0,1.0,0.000499875020830709,1.0,1.0,0.0,1.0,StrategyQA
9,True,100.0,0.0,1.0,1.0,0.0,1.0,0.000499875020830709,1.0,1.0,0.0,1.0,StrategyQA
10,False,100.0,0.0,1.0,1.0,0.0,1.0,0.000499875020830709,1.0,1.0,0.0,1.0,StrategyQA
11,False,100.0,0.0,1.0,1.0,0.0,1.0,0.000499875020830709,1.0,1.0,0.0,1.0,StrategyQA
12,False,100.0,0.0,1.0,1.0,0.0,1.0,0.000499875020830709,1.0,1.0,0.0,1.0,StrategyQA
13,False,100.0,0.0,1.0,1.0,0.0,1.0,0.000499875020830709,1.0,1.0,0.0,1.0,StrategyQA
14,True,100.0,0.0,1.0,1.0,0.0,1.0,0.000499875020830709,1.0,1.0,0.0,1.0,StrategyQA
15,False,100.0,0.0,1.0,1.0,0.0,1.0,0.000499875020830709,1.0,1.0,0.0,1.0,StrategyQA
16,True,100.0,0.0,1.0,1.0,0.0,1.0,0.000499875020830709,1.0,1.0,0.0,1.0,StrategyQA
17,True,100.0,0.0,1.0,1.0,0.0,1.0,0.000499875020830709,1.0,1.0,0.0,1.0,StrategyQA
18,True,100.0,0.0,1.0,1.0,0.0,1.0,0.000499875020830709,1.0,1.0,0.0,1.0,StrategyQA
19,False,100.0,0.0,1.0,1.0,0.0,1.0,0.000499875020830709,1.0,1.0,0.0,1.0,StrategyQA
20,True,100.0,0.0,1.0,1.0,0.0,1.0,0.000499875020830709,1.0,1.0,0.0,1.0,StrategyQA
21,False,100.0,0.0,1.0,1.0,0.0,1.0,0.000499875020830709,1.0,1.0,0.0,1.0,StrategyQA
22,True,100.0,0.0,1.0,1.0,0.0,1.0,0.000499875020830709,1.0,1.0,0.0,1.0,StrategyQA
23,False,100.0,0.0,1.0,1.0,0.0,1.0,0.000499875020830709,1.0,1.0,0.0,1.0,StrategyQA
24,False,100.0,0.0,1.0,1.0,0.0,1.0,0.000499875020830709,1.0,1.0,0.0,1.0,StrategyQA
25,False,100.0,0.0,1.0,1.0,0.0,1.0,0.000499875020830709,1.0,1.0,0.0,1.0,StrategyQA
26,False,100.0,0.0,1.0,1.0,0.0,1.0,0.000499875020830709,1.0,1.0,0.0,1.0,StrategyQA
27,False,100.0,0.0,1.0,1.0,0.0,1.0,0.000499875020830709,1.0,1.0,0.0,1.0,StrategyQA
28,True,100.0,0.0,1.0,1.0,0.0,1.0,0.000499875020830709,1.0,1.0,0.0,1.0,StrategyQA
29,True,100.0,0.0,1.0,1.0,0.0,1.0,0.000499875020830709,1.0,1.0,0.0,1.0,StrategyQA
30,False,100.0,0.0,1.0,1.0,0.0,1.0,0.000499875020830709,1.0,1.0,0.0,1.0,StrategyQA
31,True,100.0,0.0,1.0,1.0,0.0,1.0,0.000499875020830709,1.0,1.0,0.0,1.0,StrategyQA
32,True,100.0,0.0,1.0,1.0,0.0,1.0,0.000499875020830709,1.0,1.0,0.0,1.0,StrategyQA
33,False,100.0,0.0,1.0,1.0,0.0,1.0,0.000499875020830709,1.0,1.0,0.0,1.0,StrategyQA
34,True,100.0,0.0,1.0,1.0,0.0,1.0,0.000499875020830709,1.0,1.0,0.0,1.0,StrategyQA
35,False,100.0,0.0,1.0,1.0,0.0,1.0,0.000499875020830709,1.0,1.0,0.0,1.0,StrategyQA
36,True,100.0,0.0,1.0,1.0,0.0,1.0,0.000499875020830709,1.0,1.0,0.0,1.0,StrategyQA
37,False,100.0,0.0,1.0,1.0,0.0,1.0,0.000499875020830709,1.0,1.0,0.0,1.0,StrategyQA
38,False,100.0,0.0,1.0,1.0,0.0,1.0,0.000499875020830709,1.0,1.0,0.0,1.0,StrategyQA
39,True,100.0,0.0,1.0,1.0,0.0,1.0,0.000499875020830709,1.0,1.0,0.0,1.0,StrategyQA
40,True,100.0,0.0,1.0,1.0,0.0,1.0,0.000499875020830709,1.0,1.0,0.0,1.0,StrategyQA
41,True,100.0,0.0,1.0,1.0,0.0,1.0,0.000499875020830709,1.0,1.0,0.0,1.0,StrategyQA
42,True,100.0,0.0,1.0,1.0,0.0,1.0,0.000499875020830709,1.0,1.0,0.0,1.0,StrategyQA
43,True,100.0,0.0,1.0,1.0,0.0,1.0,0.000499875020830709,1.0,1.0,0.0,1.0,StrategyQA
44,True,100.0,0.0,1.0,1.0,0.0,1.0,0.000499875020830709,1.0,1.0,0.0,1.0,StrategyQA
45,True,100.0,0.0,1.0,1.0,0.0,1.0,0.000499875020830709,1.0,1.0,0.0,1.0,StrategyQA
46,False,100.0,0.0,1.0,1.0,0.0,1.0,0.000499875020830709,1.0,1.0,0.0,1.0,StrategyQA
47,True,100.0,0.0,1.0,1.0,0.0,1.0,0.000499875020830709,1.0,1.0,0.0,1.0,StrategyQA
48,False,100.0,0.0,1.0,1.0,0.0,1.0,0.000499875020830709,1.0,1.0,0.0,1.0,StrategyQA
49,True,100.0,0.0,1.0,1.0,0.0,1.0,0.000499875020830709,1.0,1.0,0.0,1.0,StrategyQA
0,#### 51,100.0,0.0,0.0,0.0,0.0,1.0,0.0,0.0,0.0,0.0,1.0,SVAMP
1,#### 1,100.0,0.0,0.0,0.0,0.0,1.0,0.0,0.0,0.0,0.0,1.0,SVAMP
2,#### 17,100.0,0.0,0.0,0.0,0.0,1.0,0.0,0.0,0.0,0.0,1.0,SVAMP
3,#### 22,100.0,0.0,0.0,0.0,0.0,1.0,0.0,0.0,0.0,0.0,1.0,SVAMP
4,#### 2,100.0,0.0,0.0,0.0,0.0,1.0,0.0,0.0,0.0,0.0,1.0,SVAMP
5,#### 46,100.0,0.0,0.0,0.0,0.0,1.0,0.0,0.0,0.0,0.0,1.0,SVAMP
6,#### 3,100.0,0.0,0.0,0.0,0.0,1.0,0.0,0.0,0.0,0.0,1.0,SVAMP
7,#### 9,100.0,0.0,0.0,0.0,0.0,1.0,0.0,0.0,0.0,0.0,1.0,SVAMP
8,#### 4,100.0,0.0,0.0,0.0,0.0,1.0,0.0,0.0,0.0,0.0,1.0,SVAMP
9,#### 21,100.0,0.0,0.0,0.0,0.0,1.0,0.0,0.0,0.0,0.0,1.0,SVAMP
10,#### 1,100.0,0.0,0.0,0.0,0.0,1.0,0.0,0.0,0.0,0.0,1.0,SVAMP
11,#### 143,100.0,0.0,0.0,0.0,0.0,1.0,0.0,0.0,0.0,0.0,1.0,SVAMP
12,#### 926,100.0,0.0,0.0,0.0,0.0,1.0,0.0,0.0,0.0,0.0,1.0,SVAMP
13,#### 255,100.0,0.0,0.0,0.0,0.0,1.0,0.0,0.0,0.0,0.0,1.0,SVAMP
14,#### 10,100.0,0.0,0.0,0.0,0.0,1.0,0.0,0.0,0.0,0.0,1.0,SVAMP
15,#### 16,100.0,0.0,0.0,0.0,0.0,1.0,0.0,0.0,0.0,0.0,1.0,SVAMP
16,#### 469,100.0,0.0,0.0,0.0,0.0,1.0,0.0,0.0,0.0,0.0,1.0,SVAMP
17,#### 1414,100.0,0.0,0.0,0.0,0.0,1.0,0.0,0.0,0.0,0.0,1.0,SVAMP
18,#### 27,100.0,0.0,0.0,0.0,0.0,1.0,0.0,0.0,0.0,0.0,1.0,SVAMP
19,#### 66,100.0,0.0,0.0,0.0,0.0,1.0,0.0,0.0,0.0,0.0,1.0,SVAMP
20,#### 186,100.0,0.0,0.0,0.0,0.0,1.0,0.0,0.0,0.0,0.0,1.0,SVAMP
21,#### 20,100.0,0.0,0.0,0.0,0.0,1.0,0.0,0.0,0.0,0.0,1.0,SVAMP
22,#### 10,100.0,0.0,0.0,0.0,0.0,1.0,0.0,0.0,0.0,0.0,1.0,SVAMP
23,#### 1,100.0,0.0,0.0,0.0,0.0,1.0,0.0,0.0,0.0,0.0,1.0,SVAMP
24,#### 1,100.0,0.0,0.0,0.0,0.0,1.0,0.0,0.0,0.0,0.0,1.0,SVAMP
25,#### 60,100.0,0.0,0.0,0.0,0.0,1.0,0.0,0.0,0.0,0.0,1.0,SVAMP
26,#### 488,100.0,0.0,0.0,0.0,0.0,1.0,0.0,0.0,0.0,0.0,1.0,SVAMP
27,#### 1,100.0,0.0,0.0,0.0,0.0,1.0,0.0,0.0,0.0,0.0,1.0,SVAMP
28,#### 89,100.0,0.0,0.0,0.0,0.0,1.0,0.0,0.0,0.0,0.0,1.0,SVAMP
29,#### 2,100.0,0.0,0.0,0.0,0.0,1.0,0.0,0.0,0.0,0.0,1.0,SVAMP
30,#### 5,100.0,0.0,0.0,0.0,0.0,1.0,0.0,0.0,0.0,0.0,1.0,SVAMP
31,#### 2,100.0,0.0,0.0,0.0,0.0,1.0,0.0,0.0,0.0,0.0,1.0,SVAMP
32,#### 1,100.0,0.0,0.0,0.0,0.0,1.0,0.0,0.0,0.0,0.0,1.0,SVAMP
33,#### 63,100.0,0.0,0.0,0.0,0.0,1.0,0.0,0.0,0.0,0.0,1.0,SVAMP
34,#### 1,100.0,0.0,0.0,0.0,0.0,1.0,0.0,0.0,0.0,0.0,1.0,SVAMP
35,#### 1,100.0,0.0,0.0,0.0,0.0,1.0,0.0,0.0,0.0,0.0,1.0,SVAMP
36,#### 949,100.0,0.0,0.0,0.0,0.0,1.0,0.0,0.0,0.0,0.0,1.0,SVAMP
37,#### 2,100.0,0.0,0.0,0.0,0.0,1.0,0.0,0.0,0.0,0.0,1.0,SVAMP
38,#### 2,100.0,0.0,0.0,0.0,0.0,1.0,0.0,0.0,0.0,0.0,1.0,SVAMP
39,#### 3,100.0,0.0,0.0,0.0,0.0,1.0,0.0,0.0,0.0,0.0,1.0,SVAMP
40,#### 10,100.0,0.0,0.0,0.0,0.0,1.0,0.0,0.0,0.0,0.0,1.0,SVAMP
41,#### 4,100.0,0.0,0.0,0.0,0.0,1.0,0.0,0.0,0.0,0.0,1.0,SVAMP
42,#### 8142,100.0,0.0,0.0,0.0,0.0,1.0,0.0,0.0,0.0,0.0,1.0,SVAMP
43,#### 1,100.0,0.0,0.0,0.0,0.0,1.0,0.0,0.0,0.0,0.0,1.0,SVAMP
44,#### 39,100.0,0.0,0.0,0.0,0.0,1.0,0.0,0.0,0.0,0.0,1.0,SVAMP
45,#### 32,100.0,0.0,0.0,0.0,0.0,1.0,0.0,0.0,0.0,0.0,1.0,SVAMP
46,#### 13,100.0,0.0,0.0,0.0,0.0,1.0,0.0,0.0,0.0,0.0,1.0,SVAMP
47,#### 11,100.0,0.0,0.0,0.0,0.0,1.0,0.0,0.0,0.0,0.0,1.0,SVAMP
48,#### 26,100.0,0.0,0.0,0.0,0.0,1.0,0.0,0.0,0.0,0.0,1.0,SVAMP
49,#### 266,100.0,0.0,0.0,0.0,0.0,1.0,0.0,0.0,0.0,0.0,1.0,SVAMP
